,Unnamed: 0.1,Unnamed: 0,_actual,Gru_predicted,cNN_1Fea_predicted,cNN_biLSTM_1fea-Copy1_predicted
0,0,0,45.75,60.57807945926612,42.81013279895815,118.37541430890431
1,1,1,48.5,62.33263250089419,39.29879261168227,108.41182396801086
2,2,2,50.75,63.59400249456606,35.58066390307877,98.80703293377478
3,3,3,52.5,63.480235608096336,29.65850536973688,91.48963425259316
4,4,4,47.75,60.50245375423022,23.042692388822143,86.62407852380385
5,5,5,34.5,55.80294808184378,18.49183534029733,82.17346451204637
6,6,6,23.0,52.195985307739576,17.43070930051267,78.09217100617222
7,7,7,20.0,50.736267964085584,17.964271302401936,75.97308115593789
8,8,8,21.25,50.85478186303732,19.66174830562103,75.57087639975421
9,9,9,24.0,50.89681896970753,20.087559727431973,75.1671749039317
10,10,10,23.5,52.48423241651916,23.31306666544384,74.83075332226676
11,11,11,32.5,53.99457844584866,23.186350046314555,75.02997377037153
12,12,12,33.75,53.02276520814036,19.388659354164183,75.22358878178967
13,13,13,25.0,52.6313824665022,20.796117373001824,75.6479658281134
14,14,14,28.5,52.66132826471748,20.40383401964471,75.88271916872255
15,15,15,28.0,51.9995565725396,18.432693947925934,75.54530709759072
16,16,16,24.0,52.46056338674028,19.947618239680107,75.7443147738841
17,17,17,29.25,52.509952126342434,19.02935379733485,76.73862679640855
18,18,18,27.0,52.45401148234086,19.37053339692031,78.50596815759788
19,19,19,27.5,52.713196896466336,21.142284270477,81.23247017067601
20,20,20,29.0,52.82470399955978,22.366496235222908,83.84634252593156
21,21,21,28.25,52.54832809046471,22.42601181250401,85.07310408393481
22,22,22,26.75,53.43541779395985,24.7112269229711,85.47855911296166
23,23,23,32.25,56.799387822482274,29.84292350303108,86.49393554481506
24,24,24,44.5,60.34101130808808,31.856500545686327,87.51656089217421
25,25,25,49.5,60.34189541164925,26.838167319350312,86.19108055063877
26,26,26,40.25,58.022774379339126,22.390480754239388,82.6424576061337
27,27,27,33.5,55.95044663737997,20.856362977704816,79.50511523611252
28,28,28,31.250002,55.83916698001596,22.261836349129197,78.43604693819529
29,29,29,34.5,55.19244339077561,20.306931133468456,78.37771811403469
30,30,30,29.0,57.54372231444372,26.132560965543806,79.61552913231289
31,31,31,44.0,58.34253372708347,24.71537597329347,81.79028449058576
32,32,32,38.5,54.66364674376588,18.903952328108808,81.33288379174041
33,33,33,21.5,51.20083320340802,18.36897796160936,78.04759164320369
34,34,34,20.0,53.186790263855386,24.733498262057832,76.8174844318901
35,35,35,37.0,56.00780698295074,25.086204224254157,78.31965342039858
36,36,36,37.75,57.472319029320325,24.36964195640012,79.69729954052295
37,37,37,38.0,56.37997422893147,21.54991103937196,80.21131221511963
38,38,38,32.0,55.54895356622064,22.46392371396865,80.25954538367711
39,39,39,34.0,56.055240422975686,23.615118262608107,80.59118326806497
40,40,40,36.75,58.39108605335804,27.018491429514757,82.0790818712914
41,41,41,44.0,58.820995166778246,24.62045406605097,83.5388579106175
42,42,42,37.75,56.62403817052927,20.56857076038409,83.54496226051707
43,43,43,29.5,55.43394673367756,22.01830983977916,83.71306666544385
44,44,44,33.0,54.22328980070985,21.54620954354944,84.6103474050093
45,45,45,28.0,52.51491191063584,20.813085924961253,84.16317442702936
46,46,46,22.75,51.77003815218687,21.2878898905876,81.88418289204581
47,47,47,24.75,51.2379472105799,20.17305364234159,79.2874643469648
48,48,48,23.5,50.69236360134633,19.418029201096875,77.6397961242514
49,49,49,22.75,50.40801608628264,19.458697964910996,77.15194704549832
50,50,50,23.25,49.52960967378046,18.32441510679861,76.77215669910214
51,51,51,19.5,49.597432522905066,19.88670680594661,76.83786650403074
52,52,52,23.0,49.07961196658015,19.108343498078632,76.33494731146308
53,53,53,19.0,47.90228316993314,17.27184762970368,73.84692581417318
54,54,54,15.75,47.20038198042866,16.551196841439143,72.17778231242606
55,55,55,16.5,47.88024661353486,18.098293698469327,73.6428556361602
56,56,56,21.0,48.75485614974733,19.29095490521566,75.86057622641856
57,57,57,21.75,49.70872685418711,20.167281289837398,76.86946678650366
58,58,58,24.25,51.03963287691335,21.361444738941827,77.50179526215872
59,59,59,28.25,53.774179865550224,24.48116189917184,79.28987086952135
60,60,60,37.25,54.86063675633042,23.228073497986923,81.53275722919743
61,61,61,33.0,53.850014673918025,21.333756889863075,82.19864495538212
62,62,62,27.25,53.06613030439209,21.69021937507452,81.00780514871099
63,63,63,28.25,53.14714867430322,21.487425827929968,79.12851646688739
64,64,64,29.5,53.89436659115713,21.933523941414386,78.13279574823225
65,65,65,31.5,55.48905830131056,24.00190073094454,78.11087291469867
66,66,66,36.75,57.991625319845554,26.393349505213827,78.82864027807075
67,67,67,44.0,57.28954070636573,21.94632693489366,79.19920073002743
68,68,68,33.0,57.2479181378798,24.32199024184451,79.04489714500582
69,69,69,38.75,58.5396227885947,26.222431376505224,79.47523913900785
70,70,70,43.0,57.71475783449655,22.29014783972413,79.35293936920495
71,71,71,33.25,57.870462778689806,23.998184561203995,78.66270027605309
72,72,72,39.25,57.520662252262994,22.69235259590781,78.28219824463255
73,73,73,35.75,56.060897218375416,20.56021763254675,77.27526665260416
74,74,74,30.5,54.33547924099159,19.136000165081576,75.5558943294478
75,75,75,27.5,54.0243408200886,20.49183717453708,74.81861799205774
76,76,76,30.75,53.24664150701138,19.228757669414968,75.07383411135669
77,77,77,26.0,51.987358878178966,18.539681484266808,75.13611021946679
78,78,78,23.25,51.01860148389997,18.513470198189605,75.15644093289434
79,79,79,23.0,49.6528705852142,17.76392463108853,75.28114722525382
80,80,80,18.75,48.03219503471298,17.434423636013463,75.04288681823601
81,81,81,15.25,47.29674560011739,17.95385098636243,74.10315443381604
82,82,82,16.5,48.94390757265882,20.21341425387713,73.63190889331145
83,83,83,25.5,54.12529737612003,26.74685886442217,76.16621926502013
84,84,84,43.5,54.85300631895595,21.09153085649825,79.2853072810147
85,85,85,29.25,53.20432926437815,19.570593926832174,80.32942991828462
86,86,86,26.0,51.51123792840962,19.526137457927124,80.51887020002384
87,87,87,24.0,51.39301750781845,21.00984115483735,80.80559855828756
88,88,88,26.25,51.83561589185322,20.832341773893265,80.49576611608903
89,89,89,26.0,53.04414877518641,22.123221016719096,80.5373593367389
90,90,90,30.75,53.18515412199529,21.508693837871547,81.18863184056788
91,91,91,28.25,54.00047736089584,23.599453855113403,81.26476746425526
92,92,92,33.75,56.088509863624274,26.31933059420197,81.96783889872245
93,93,93,40.25,57.60131377422343,26.768425855443564,82.97642864348799
94,94,94,39.75,55.76700065115512,21.120089969459908,81.77571328998414
95,95,95,27.5,54.194007997285325,20.938911103570348,79.39685106890322
96,96,96,29.0,65.39656859598118,45.26715197593477,83.0327031191247
97,97,97,86.0,72.74830424534791,40.95005594431248,90.0658459972303
98,98,98,74.25,66.951644395939,23.29140979667452,90.32818630373175
99,99,99,34.5,57.08856672505663,17.2370796151765,84.12803039335272
100,100,100,19.25,50.27779973770372,16.675026367196455,77.15312829589956
101,101,101,13.499999,47.67063336298688,16.23191806451021,72.15672524005613
102,102,102,12.0,47.03658070196355,15.727054577803864,69.8755252804094
103,103,103,11.75,46.18100690591268,15.669446609866377,69.8796926731293
104,104,104,11.0,45.16310656015848,16.834051285343506,70.90839302255198
105,105,105,12.25,45.14837761493805,18.331726386455973,70.84599952309766
106,106,106,16.0,59.68269899208526,46.2371309738896,75.91476700569531
107,107,107,84.07889,69.64968634500215,41.82674917688491,85.56856158918532
108,108,108,73.0,71.37873611709787,35.08696359951209,91.65622724396306
109,109,109,63.25,64.24460733512477,22.58647294037804,91.52069160009906
110,110,110,34.25,58.89085035354971,22.10723378302778,88.46586067114832
111,111,111,34.75,57.22434815704761,21.50711272320405,86.23006181387969
112,112,112,33.75,57.47018030576777,21.49521034144373,85.47829498243715
113,113,113,34.0,57.99592844630722,23.59830928950723,86.01547777359978
114,114,114,36.5,57.456984784981245,24.21875922851876,86.56297632913598
115,115,115,35.5,57.96746104533324,26.343692966607662,87.15029989819969
116,116,116,42.0,60.45444069444317,30.722599209442667,90.19068435485202
117,117,117,50.25,59.06736658198593,27.923057769381035,94.58601438043966
118,118,118,33.25,58.395411190696734,32.29651632014821,94.32360070434807
119,119,119,38.75,56.6746815301228,25.73447224336693,86.94465961095774
120,120,120,30.75,58.52270742958813,27.098471619725416,80.11282087731688
121,121,121,45.75,61.144103836312446,27.02272852334529,78.62257444720599
122,122,122,48.75,62.35838522703303,25.59391811953741,79.64954327430138
123,123,123,47.5,61.19533415262709,23.7825513357851,80.6000096297587
124,124,124,41.0,61.73819575006649,27.328441263057496,82.34883250639692
125,125,125,49.25,60.592657996826766,23.25652439080312,85.03837091996294
126,126,126,38.75,60.12099058117887,24.53203637297431,88.94360675733925
127,127,127,41.5,60.16412089474216,28.310992140282657,95.60803809715968
128,128,128,42.0,59.710612452653685,31.445403395177784,99.05124361455286
129,129,129,39.5,59.533421223988185,30.148940726542367,95.91974880086576
130,130,130,41.0,58.04184313581628,25.533190109779248,90.19148408338454
131,131,131,34.0,56.19655759054266,22.37403862908921,85.53672652402396
132,132,132,30.75,53.73653392884984,20.043211478672376,82.92374194080908
133,133,133,24.0,53.96129433128204,23.51584553867036,82.01768619826298
134,134,134,32.5,54.2890766437081,22.48708649357557,82.45100699762466
135,135,135,30.25,53.75351165200804,21.4277470033108,82.83346066014289
136,136,136,27.75,53.81388748773352,22.807009088657978,83.46420435265094
137,137,137,31.250002,56.62685556279061,28.89287902271706,85.48362161468125
138,138,138,43.75,59.59058347166558,29.92732054256812,87.3275461540578
139,139,139,46.67,63.00218870658584,32.343612260058514,89.45870530187001
140,140,140,55.33,65.11781551216559,32.42448755926887,92.47672670744792
141,141,141,55.75,62.87171556444143,26.431171528930548,94.20835175215753
142,142,142,40.5,56.208315067362456,19.48175435861221,92.24887010831186
143,143,143,19.0,54.7342172840412,24.67986509166613,88.98785595715216
144,144,144,33.75,56.98338041215367,27.395611122829862,87.95632354155012
145,145,145,40.5,58.318006273099954,26.036677916670488,88.31188724928235
146,146,146,37.75,60.6010074561846,30.543324284417217,89.10231985472821
147,147,147,49.0,65.6921086420206,38.13157781303594,91.91957271384943
148,148,148,67.0,68.25122527215532,36.70093683795409,95.44753478177132
149,149,149,61.5,65.28958839659931,28.949755128992912,95.33742170089053
150,150,150,43.0,61.2251882388547,25.97336362885993,91.97823170116565
151,151,151,37.0,58.99873299889028,25.12090437191045,88.11948283610151
152,152,152,36.5,57.92441877527812,22.989906637196547,84.92623283839431
153,153,153,34.25,57.22404734172804,21.95453332355072,82.799769344351
154,154,154,33.5,57.502433577592925,23.8864390069426,82.61797417390427
155,155,155,38.0,61.43469143501747,31.947585223364545,85.24382778322955
156,156,156,56.0,63.83360556508341,31.33881205462366,88.73724011115493
157,157,157,52.5,64.16197116575107,30.635975402844903,91.57436145528582
158,158,158,50.0,66.48973146730009,36.27850041728954,95.37489888753359
159,159,159,62.250004,62.367666480185626,25.13667149683135,96.72872923869879
160,160,160,32.25,62.76388427781395,32.85085292148537,96.17390839806671
161,161,161,53.25,66.40755752634426,37.68444151985106,97.08901794803599
162,162,162,62.500004,64.8894746737346,28.2490498638077,95.3648325797665
163,163,163,42.0,62.70449159459633,26.06334042572705,91.16499582710456
164,164,164,43.75,62.37901675578015,28.283284114566616,90.37283903629043
165,165,165,48.25,56.81338307180132,20.1173184331924,90.17839494850372
166,166,166,19.0,52.28393710391885,19.376696442492,87.59533048414758
167,167,167,19.0,51.58865018296542,22.137938956501003,86.6562804369159
168,168,168,26.0,51.91024743894275,23.662316919944605,87.76491695479515
169,169,169,25.25,51.369575923769,22.984079257499747,86.95974439869035
170,170,170,22.5,50.32080532296376,21.23044516998817,83.2876771187762
171,171,171,21.5,50.042426424057886,20.79326513018517,80.0489746599778
172,172,172,23.75,50.78888496565386,21.336915450718564,79.25739748892578
173,173,173,26.5,51.632829681667694,21.3589263277603,79.89097324761319
174,174,174,27.0,51.434508011042126,19.65687656483579,80.79927409961756
175,175,175,24.0,50.920968570301824,19.489238056806403,82.19772049854636
176,176,176,23.75,50.4361569925805,19.751578363307868,84.28645001238112
177,177,177,23.0,50.65700679585829,21.69288269119657,85.61254665847373
178,178,178,25.0,52.70393398571128,25.021947137210304,86.3455015270046
179,179,179,33.25,56.04482927813495,28.544002953126004,88.31094811852857
180,180,180,41.75,58.86798472078285,29.429801351834698,89.85433614277723
181,181,181,45.25,58.489386630226434,25.47206590423434,90.75510927483332
182,182,182,36.75,55.368501059273456,22.916232563258344,90.51778799856929
183,183,183,26.25,52.34461742344342,20.81715060025496,86.62261846896008
184,184,184,22.0,50.13530498821501,18.66655584801489,81.51161945027835
185,185,185,18.0,50.44145060850904,21.142056824747563,78.21865284261305
186,186,186,24.5,50.77521254253144,19.563737538633674,74.94462292616268
187,187,187,23.25,49.52174812219705,16.640894833863733,71.8631881838275
188,188,188,18.0,49.18481295340114,18.300302190999385,71.31444968221797
189,189,189,22.5,46.93661096691949,16.60671561029742,70.78734787274044
190,190,190,10.75,46.32389418270862,17.434161339728718,69.39069902877004
191,191,191,16.0,60.58638489686987,44.75994066234397,74.86181800673165
192,192,192,84.07889,61.06664389152306,23.87918275447784,81.06686033181397
193,193,193,29.0,56.44052248319378,19.24216596201289,80.71803928941551
194,194,194,27.0,51.62785522345626,17.15322367636674,77.97140466080322
195,195,195,20.25,49.23173647477462,17.235716775039666,75.21070508176123
196,196,196,18.0,49.24555930555683,17.262725955409632,73.43310665187046
197,197,197,19.75,50.96934847803957,19.2398988416776,73.638534167301
198,198,198,26.5,52.00553252565643,19.150564028724197,75.41179645441456
199,199,199,27.5,49.947126663426175,16.874830103542834,76.86634124196374
200,200,200,17.5,48.34644432623788,18.429219897832844,77.34876830800555
201,201,201,19.0,48.89288269119657,21.58595751900731,77.2956927464989
202,202,202,23.5,52.7397566880967,26.416710382714125,77.3032351403652
203,203,203,37.0,57.89151251410072,29.047171602300136,78.26591753258069
204,204,204,48.0,59.49889349486872,25.1703408017462,79.35766437080991
205,205,205,41.75,55.43983464328623,17.42504149967442,78.1814397864945
206,206,206,23.0,48.07178893403157,14.64448994378055,74.16914304318718
207,207,207,4.0,44.0181741060374,14.902673863000633,69.6856741289654
208,208,208,5.75,44.90169804745178,17.063301906692224,67.31998174931445
209,209,209,15.25,49.70208690627952,21.058947421517463,68.86496189366912
210,210,210,31.5,53.91293643442134,22.247322009959923,72.97636627933637
211,211,211,37.25,53.05376385997414,17.920077129781635,77.00765107257169
212,212,212,25.0,51.72115199427717,22.11636096004109,81.49597705366068
213,213,213,27.0,49.10435952933408,20.699089758522337,80.09455184937224
214,214,214,15.500001,48.12235892403496,17.9039761732256,73.64980373634637
215,215,215,17.5,48.32743426543284,17.47447976374992,70.2069724038629
216,216,216,18.75,48.30682474756276,16.39851839283913,69.15964351550392
217,217,217,18.0,48.21305474288544,16.37316919944606,69.27905986041435
218,218,218,19.5,48.98035024808093,18.15387483147922,70.59233150215064
219,219,219,24.0,52.62287893100507,24.312672303896843,73.15660601447215
220,220,220,38.0,54.78690765519961,23.04761181984097,75.36258013334923
221,221,221,34.5,53.39469767143263,18.529976521731157,76.01234856058035
222,222,222,24.25,51.06268193365555,17.588041215367262,76.22454075222173
223,223,223,21.0,47.30150361803791,16.005547199574455,75.89267542210442
224,224,224,9.0,45.24632234929428,16.881007823032547,74.49022304355402
225,225,225,10.25,45.55397571466566,18.104911635499874,71.88631427863936
226,226,226,15.0,46.87932399093886,18.03188321395489,68.3595848198318
227,227,227,18.75,47.804719957445634,17.04009510533122,65.52178113851261
228,228,228,20.0,47.31094261580931,15.868920183057128,65.07801984647413
229,229,229,16.5,46.67214661078349,16.31339866283922,66.96754358612215
230,230,230,16.25,47.42469482836101,18.252931115126056,70.04260251107422
231,231,231,20.75,48.75361253519448,19.67124599906454,72.36811770316498
232,232,232,22.75,49.26077249007218,18.659211552041967,72.18946275117621
233,233,233,21.25,48.79224529288224,17.060055302328568,70.66939891963278
234,234,234,19.25,49.162589304548,17.97889202747691,69.53655043700762
235,235,235,23.5,51.68283105734751,20.777200858424205,70.22962159633886
236,236,236,33.0,52.67949457523593,19.46855700358594,72.03785183011271
237,237,237,28.0,52.26880462595266,18.68869879031888,73.01111411722626
238,238,238,25.75,53.778714106220825,22.258228399534104,74.52147115199428
239,239,239,35.75,56.22094931078441,24.652608288929446,77.57743197263315
240,240,240,40.25,62.256115355338096,34.52139778240414,82.6513646743766
241,241,241,61.5,63.51208534717573,29.27342507589167,85.85815136146445
242,242,242,46.75,59.79633381329273,22.080182415143483,83.40041683098397
243,243,243,32.25,55.66283050707558,19.33673569522272,78.33066619587846
244,244,244,27.25,53.89255436228069,19.5763534396581,74.11027128405954
245,245,245,28.0,53.64614259379844,18.99917321643112,72.00692654786907
246,246,246,27.75,52.791834423177455,17.706687179581245,71.55284215449801
247,247,247,23.75,49.92220301365592,16.06557819822629,70.69813778809028
248,248,248,15.0,48.16789942863432,17.0582008859378,69.36658978145033
249,249,249,17.75,47.54699459816393,17.252448710070894,68.3611696029788
250,250,250,17.5,47.90370287150233,17.682009317937947,68.09252684868439
251,251,251,19.25,48.1024464172712,17.51911048543155,68.65741399708355
252,252,252,18.5,47.47794647688399,16.984873483313002,69.14185138989518
253,253,253,16.0,47.917034126030615,17.94353155350936,69.57698441813329
254,254,254,21.25,47.63080468097985,16.48635646615369,70.09443812650751
255,255,255,17.0,46.05240468831681,15.555074424277995,70.33064418500142
256,256,256,11.0,44.96106138283335,16.089069306749085,70.71216605372489
257,257,257,11.499999,44.941156213028606,16.870836963599512,71.1028958060108
258,258,258,13.499999,46.149736786595376,17.481774535249503,72.02338334693728
259,259,259,18.25,48.63664306611517,19.882124875042415,75.0243169749718
260,260,260,26.0,49.63322954593395,19.659936076744597,78.58618313049699
261,261,261,23.0,51.07844539009694,23.53811687775709,81.38899685427883
262,262,262,29.5,52.93436585746123,25.77809046470464,82.1248571585792
263,263,263,33.25,62.19872566193127,40.420587965552976,83.7910438658437
264,264,264,71.75,69.16137503783119,38.95449113603639,88.10199152581234
265,265,265,70.25,62.76931362748425,20.910803213588046,87.79276805121198
266,266,266,25.0,56.98251831946954,20.78130772123224,82.98938571310656
267,267,267,30.75,54.08067765987692,19.726188816640224,78.53869099479994
268,268,268,27.0,52.18052633509726,17.32674459128553,74.46086053358034
269,269,269,20.0,52.05457275970542,18.03057356677091,71.81659115713015
270,270,270,24.75,50.70097719122867,16.678047360070433,70.58572823903812
271,271,271,19.0,48.28778533892165,16.13201436209727,69.131741060374
272,272,272,14.75,47.67470170676009,17.660908223813934,68.00869475499142
273,273,273,19.75,48.16589277034401,18.33029567944826,67.66628621477113
274,274,274,20.5,49.21139475590854,19.0415074699414,67.9750401239946
275,275,275,22.75,48.97292524555885,17.476097563212488,67.8403995891303
276,276,276,18.75,49.79920623274669,18.655612773645643,67.54979731650724
277,277,277,25.75,49.65696093986445,16.752183662426514,68.02464530388767
278,278,278,21.25,49.15131606702312,16.37449352054807,68.99365949173216
279,279,279,20.25,49.278300485156414,16.997423351706303,70.63258205930097
280,280,280,22.25,48.47764382732467,16.619854269651587,72.38938754734632
281,281,281,17.0,48.97268312591139,18.44367554133001,74.07922127351266
282,282,282,23.0,49.3316585195851,17.76526912882783,76.4196451663197
283,283,283,21.75,48.64898383117657,17.358486110219467,79.06646046754771
284,284,284,18.0,47.61006309784752,18.82910617496813,81.69665021965021
285,285,285,16.25,45.80604794702715,19.620646661225088,80.98842090299622
286,286,286,10.499999,44.273525959078114,17.515895063143702,74.59701981896053
287,287,287,8.75,43.44550244412447,15.863962233003477,68.66512514100718
288,288,288,8.499999,43.403278244999406,16.112468703284208,66.44058117886588
289,289,289,10.0,58.76988224180783,44.954549831708505,71.76026532278034
290,290,290,84.07889,71.45649320872731,45.1963429844915,82.87383594559645
291,291,291,84.07889,60.91640131331566,20.18187083283656,84.3207209479351
292,292,292,6.0,49.04296385630565,15.344025881122922,76.20863422507956
293,293,293,6.25,43.871178132193656,15.2435930005411,69.87825462916258
294,294,294,7.0,43.00684033860066,14.97683125911388,66.69848996212295
295,295,295,4.0,43.11325192365894,14.377491585425132,64.65969579133689
296,296,296,4.0,58.81729000247623,43.41011995927988,70.35414446472298
297,297,297,84.07889,71.12933820629695,44.01739271990242,82.51038500692425
298,298,298,84.07889,59.15037693626934,20.07581875876996,84.25283940313838
299,299,299,1.0,46.50418160807799,16.181742436053817,75.6618913763218
300,300,300,1.0,58.404017443620056,45.45445353412145,75.72387400607133
301,301,301,84.07889,55.29809560057595,20.867812302246023,77.39566615002246
302,302,302,1.0,48.17906628025349,14.647455909461923,71.8871286810899
303,303,303,1.75,43.0669813916377,13.314104845144309,66.52187468474004
304,304,304,3.75,40.72382448159799,13.293346753854197,63.11550070159671
305,305,305,3.0,40.75047598521603,13.562066546218256,61.02582472004916
306,306,306,5.0,41.31753487348331,14.855303704247182,60.134795069563545
307,307,307,5.25,41.37755119821712,15.215627264139696,60.443548978787014
308,308,308,5.25,40.77030044847162,13.915950090336308,62.247824591652375
309,309,309,4.25,41.32695919733669,14.375473004576428,66.30205939268322
310,310,310,9.499999,43.10277474618707,17.672067738474095,73.5553697368783
311,311,311,14.25,44.75099324082651,21.06254253143428,76.97598475746764
312,312,312,15.500001,46.40406880233315,18.13595430908774,70.80280684538276
313,313,313,19.5,48.64010977924925,17.586467437658776,65.25228729697258
314,314,314,26.0,49.381256362519146,16.50458147234425,66.23723002283629
315,315,315,22.5,49.33005172556105,15.66580564395572,69.16798563790273
316,316,316,21.75,49.51622706053908,15.586861799205774,73.42694360629878
317,317,317,23.0,49.302622504287534,18.84597384374112,80.3564225904968
318,318,318,20.5,49.45855856268973,23.72750763502297,83.19510670689766
319,319,319,22.25,49.57695507029724,19.65412887368508,76.2753638673111
320,320,320,22.0,48.75211946403515,15.786450929500996,69.8191554243055
321,321,321,18.0,47.61463402331319,17.699632693489367,71.15852462925429
322,322,322,16.0,47.67756312077552,20.730097581554887,68.8880513036859
323,323,323,19.5,49.40489237598246,18.85923172867925,63.27406705980539
324,324,324,26.0,53.269873987728936,23.012596182947075,63.82211588726762
325,325,325,38.25,54.28656740372534,19.88874281207297,66.32812760805965
326,326,326,30.5,54.13323229729358,19.82839448994378,67.49228289479719
327,327,327,31.250002,53.63628172088374,19.372085163751755,68.0872002164403
328,328,328,29.75,53.429262085347176,19.232774654475087,68.44885360015408
329,329,329,29.25,52.07584260388676,16.9956294652274,68.31503480469932
330,330,330,22.25,51.6382150095839,17.856278602676156,68.56259113878775
331,331,331,25.5,51.27289314636316,17.573721305611855,69.58187816979557
332,332,332,24.0,51.08503031081192,18.015741904124287,70.57946247604025
333,333,333,24.5,51.02618056256133,18.49883296495685,71.53593046397094
334,334,334,24.75,51.11636646276035,19.337553766152773,72.52941341012684
335,335,335,25.25,53.84854728211525,24.457845043425625,74.02387859167072
336,336,336,38.0,56.5563400497079,25.091611563047405,76.04980373634638
337,337,337,40.25,58.83767207461688,26.48880701046434,78.2150357218192
338,338,338,44.5,58.45642901033594,23.172244742610307,79.24747058337995
339,339,339,37.0,57.14656905454112,21.83475013068958,78.86678512798407
340,340,340,34.5,55.40922118180068,20.057338793253667,77.70638636426168
341,341,341,29.5,55.58227803406183,22.113374817722423,76.74432027660336
342,342,342,34.75,54.37285004172895,18.58164522134688,76.05085292148537
343,343,343,26.0,51.97036648110274,17.11562359566019,75.29238010950411
344,344,344,20.5,50.58072810147014,18.07168621660537,75.31422223648853
345,345,345,22.25,50.30960178654952,19.71491191063584,76.1644143731027
346,346,346,23.25,50.88187358419619,21.001407320450856,76.41257967478928
347,347,347,25.5,52.34370764052569,22.418383209369296,76.4031957042105
348,348,348,30.5,53.94980465346625,23.55742775388171,77.10418344231775
349,349,349,33.75,55.85990489466878,24.99113190935187,78.21222566651687
350,350,350,38.75,56.798169887285965,23.977486999825743,78.99327430138393
351,351,351,37.5,56.38147096857031,21.8372373597953,79.23179883892624
352,352,352,33.75,55.10486944798554,20.47381576895916,78.95697102818309
353,353,353,29.75,56.01547777359978,23.45612269229711,79.26385401285802
354,354,354,38.0,57.12745627630988,23.62392995038381,80.692983574383
355,355,355,37.75,57.40620569164596,23.09205911754725,82.35671973733687
356,356,356,36.5,57.08105001054688,23.51927189852986,84.20087172244284
357,357,357,35.75,57.761138420903,26.69448765098086,86.0076272274549
358,358,358,40.5,59.7669933141961,29.78915459889762,87.50708154112824
359,359,359,46.5,62.66821033227253,32.64917092363143,88.70417977383823
360,360,360,53.25,68.83284802406523,40.87007942258133,91.28601896603905
361,361,361,74.25,66.36530397938314,27.378534350724983,91.95917761860653
362,362,362,41.75,62.9798109815934,26.65810000275136,89.45285774553592
363,363,363,43.5,63.97262626447903,31.94335179801352,87.8620729660574
364,364,364,56.0,64.37767776076011,28.43419435604428,87.1066376551079
365,365,365,48.0,60.604426479085085,20.699469446151305,85.04682309674698
366,366,366,30.5,54.8511867531205,17.52146198079551,81.52220668213542
367,367,367,19.5,48.92763786604547,16.12317699496501,77.5297417390427
368,368,368,8.75,45.52915111384209,16.50779872887185,74.44344992984033
369,369,369,8.0,47.543913075378086,20.991218118620285,74.23844062107358
370,370,370,24.0,52.023243944716015,25.60817566514119,77.01373341159423
371,371,371,35.0,54.299396076561166,24.700786430294304,79.8733572090208
372,372,372,33.5,53.99446472298394,22.52335675046085,80.85593743408201
373,373,373,30.25,54.0386882434403,23.48653438740978,81.2589859405523
374,374,374,33.5,54.01557682254648,22.219843264213065,82.24910122252079
375,375,375,30.5,53.18609325274907,20.509086365178792,82.68426359859497
376,376,376,25.5,52.21857580454341,19.420189935526476,82.16266450837789
377,377,377,24.25,52.09631271953557,20.34197611819841,82.1949911497932
378,378,378,27.0,53.56173088034337,22.79550657116392,84.07377358144483
379,379,379,33.75,55.67504287535424,25.51274934196649,87.48052174949788
380,380,380,38.25,57.53261049001715,28.34897924557719,91.06516182580225
381,381,381,41.0,56.26696304924017,25.807148490879243,92.63991534983538
382,382,382,30.25,55.79408870383448,27.25183974247274,90.51633528068454
383,383,383,35.0,59.00299577207737,30.89979043810817,89.0108719975788
384,384,384,49.5,66.32326320423343,41.11649485954309,92.52217916853913
385,385,385,71.0,63.281528747122536,25.86138696038959,92.66480231481057
386,386,386,32.25,59.939675981547545,25.40082403220925,86.80974760860992
387,387,387,39.0,62.52421517466548,32.05672982565551,83.19856975155223
388,388,388,58.25,66.10434302117629,32.26658519585095,83.66635958436127
389,389,389,59.0,65.93009024459587,26.96890092353972,84.96839100488825
390,390,390,48.25,63.13174472885351,24.61605555912213,86.21727349431845
391,391,391,41.5,60.32896768986674,24.711032493557237,87.02182974586609
392,392,392,38.5,59.574306428093216,26.49173445711089,86.72728018929354
393,393,393,41.0,58.6416652145602,24.34097462329301,85.33532699909205
394,394,394,35.25,58.76461063675633,25.819705696231555,84.19410704623202
395,395,395,39.5,61.43266643432963,30.680617129965057,84.80845997230298
396,396,396,51.75,64.26567174445371,32.080288801049186,86.64632418353403
397,397,397,55.75,64.79210589066096,30.099537313022186,88.31419105441272
398,398,398,51.0,63.91792923503032,28.43958335244,89.49371727028439
399,399,399,48.0,63.58278428423379,29.364498748131368,90.84774571934298
400,400,400,49.25,64.39558727771308,31.27021882480259,92.54832075350569
401,401,401,52.25,64.60260691324963,30.71802461549749,93.66069912048204
402,402,402,49.5,63.68471665581408,28.07677439768152,93.45660693159203
403,403,403,46.0,61.55524134009556,24.87588295716133,93.08030897768647
404,404,404,40.0,56.98548978787017,20.95995350202225,92.62221126773481
405,405,405,25.0,53.88271916872255,23.185728239038124,91.30636435338464
406,406,406,25.0,49.52315314984822,19.029452846281536,86.46812412300412
407,407,407,10.0,47.02743518255272,17.697453616662234,81.41083164430422
408,408,408,12.25,47.32209112503095,20.43753267239561,81.32686748534901
409,409,409,19.0,61.40912213285399,49.03855067545879,88.21485596632336
410,410,410,84.07889,58.82216908022048,25.86205095518035,91.4633899502004
411,411,411,17.0,52.21360868329099,19.592146243935545,86.5374070269725
412,412,412,17.0,48.235157331914856,18.416504947861736,81.74070865852876
413,413,413,17.0,47.32228555444482,18.439091776186064,79.53978236745326
414,414,414,16.0,47.762088557095296,17.59500765795097,78.62323477351724
415,415,415,16.25,47.72650063739832,16.932850775424857,78.8307826701028
416,416,416,15.75,46.13206205233086,16.513099681759403,79.85030448379908
417,417,417,11.499999,44.195860579436335,17.131214633564753,80.0955350018801
418,418,418,9.25,42.8706480369049,17.597399506589507,78.80285086713684
419,419,419,7.5,42.75491484541944,18.09955565541972,77.15711960160313
420,420,420,8.75,43.09161156304741,17.981067435824535,76.27625163935178
421,421,421,9.25,43.96202802718344,18.347067967754064,76.1009129928373
422,422,422,13.0,59.11101048268019,47.58118849564826,81.92755899373607
423,423,423,84.07889,71.44883342351679,47.03013518346983,91.8094449590506
424,424,424,84.07889,62.08296312260976,21.612033071342758,91.6179063070334
425,425,425,12.0,51.40113585296734,16.41686079037391,82.03180984436476
426,426,426,12.499999,46.97504195823437,16.7543645734934,74.10679356548694
427,427,427,14.0,47.17865724478847,16.164957308069738,70.06010115832241
428,428,428,15.0,48.47421746746517,15.013705897997928,69.20481717215257
429,429,429,17.25,48.08348037822024,14.972877555325256,71.26838091656961
430,430,430,15.75,47.1995565725396,18.06620550822198,74.92095389638379
431,431,431,18.0,47.75793950677293,22.20867090987463,73.79035052321689
432,432,432,23.25,54.148016269706616,29.33742536937003,71.56326063629777
433,433,433,48.75,65.03484917963627,41.18457817071269,76.84284096224218
434,434,434,75.5,70.31330695085154,36.51117373001825,83.6506584920715
435,435,435,67.0,70.8744375762356,33.50238221887983,86.97435962104606
436,436,436,64.25,69.95152883883452,31.77295826187441,87.89596971670167
437,437,437,62.250004,67.80572512083054,27.36742619477792,86.91887753698286
438,438,438,52.5,65.4961971624311,24.0628415125141,84.65969579133689
439,439,439,46.25,62.8810848611022,22.357251666865377,82.41344910443244
440,440,440,39.75,60.20352770160588,21.046032539413225,81.06015435127526
441,441,441,35.5,58.31670396287499,20.33480974348157,81.39735365059568
442,442,442,35.0,57.7890372075534,22.40436228069371,84.29020653539624
443,443,443,37.25,56.57286654988673,25.08003751020296,89.54841429973312
444,444,444,31.5,53.05578152370296,24.987837614754625,89.41825664682631
445,445,445,19.25,49.65660509735228,20.39370901620551,79.16716023001366
446,446,446,15.500001,48.77578849381403,18.13723460843567,69.84385162834634
447,447,447,20.0,48.70847556334088,17.412728248209323,67.75358869007768
448,448,448,19.0,49.05158478314701,17.466370589799794,68.39635032145051
449,449,449,21.0,50.97822986692591,20.070152792171463,70.42172519420014
450,450,450,30.0,54.35265506204316,23.775570219283363,74.33880288342489
451,451,451,39.5,57.336724689784205,24.96811220044572,79.66186936544476
452,452,452,43.0,60.17968258481066,27.62560277703899,86.29891917422526
453,453,453,49.0,61.25578702642223,28.25556875189156,93.73247659051515
454,454,454,46.0,58.23707227821748,24.64592431926777,98.45346487889432
455,455,455,30.0,50.96167401891101,19.287064482698533,95.93573603455708
456,456,456,7.25,45.42086493575575,18.06329273549345,88.88603363995708
457,457,457,4.25,44.426112695690456,19.289837853205796,83.25243770463237
458,458,458,11.25,45.08899593715895,19.026602437704632,79.54039133505141
459,459,459,12.499999,45.71006584920715,18.81414978401827,76.68020259178077
460,460,460,14.499999,45.9659643056944,18.907938131093115,74.7226138833607
461,461,461,16.25,46.31482203288792,19.02330447462788,73.60223089410017
462,462,462,18.0,47.44972119555747,20.014479947173896,73.36365499784476
463,463,463,21.5,48.47402670653081,19.92398589469629,73.40911479589496
464,464,464,21.5,47.89742977154544,17.595214927043113,72.11042169171932
465,465,465,16.0,46.79615222355714,16.193386190008898,69.4005892495208
466,466,466,14.499999,47.12573575942111,16.459859038674946,67.83568192448435
467,467,467,19.5,48.06814613388116,16.829880224144098,68.63477947852564
468,468,468,21.0,49.53210423984519,18.172092500710768,70.69006713317498
469,469,469,25.0,50.61955162009226,18.74623889138549,73.22947669139833
470,470,470,26.0,51.34635811696947,19.8899754211873,76.2860171317993
471,471,471,27.25,50.74111769399378,19.25121243247705,78.78191118611113
472,472,472,22.5,50.52153351614589,20.514119519062337,79.81712675513816
473,473,473,24.25,50.84557764795437,21.4241042031604,79.64845740436732
474,474,474,25.25,51.65095930739107,22.500239826847768,78.0958468226382
475,475,475,27.5,52.72940057044856,22.335651659528416,74.93260498729789
476,476,476,30.25,52.55851912653503,19.225274448123116,70.87277942349844
477,477,477,26.5,52.740244595871125,19.193000999660665,68.59560745435036
478,478,478,29.5,52.221782055632495,18.09450782761815,68.85376569421389
479,479,479,25.5,51.91030246613535,18.60567009363794,69.66193172959638
480,480,480,26.0,52.297506809615086,19.42370617313389,70.46708961178315
481,481,481,28.25,55.571261590102445,24.8154300833662,72.67495666608582
482,482,482,42.25,56.40079651861295,21.67041325421646,75.02458844245531
483,483,483,34.0,54.03830305309207,18.284914753707454,75.1273132056091
484,484,484,24.25,51.57461091189229,17.884080174619626,73.51032080853288
485,485,485,22.25,50.71996157267717,18.38501105129452,71.75342727697938
486,486,486,23.5,51.19264148866898,18.66881563139118,71.06084769390208
487,487,487,25.5,52.05472683584471,19.367000651155116,71.88569797408219
488,488,488,27.5,53.10523629593624,20.7401510496437,73.59952355622403
489,489,489,31.000002,54.33991810119501,22.36112191274521,75.61324733805955
490,490,490,34.5,52.996392508964846,19.088570393536138,76.3854255894788
491,491,491,24.25,50.47719627282482,17.63886249621688,75.12512679182296
492,492,492,18.5,50.61932417436283,20.08400863926924,73.91413969569963
493,493,493,26.5,51.668883498262055,19.86498207030641,74.0908430165907
494,494,494,27.25,51.528303695075984,18.520565037556057,74.61763667378963
495,495,495,23.5,49.93598182268404,17.17154589726423,74.40069013270724
496,496,496,18.75,48.64665434668966,17.46076331887341,73.76091464365307
497,497,497,18.75,48.664127314581286,18.41179828865431,73.26931637884388
498,498,498,21.25,49.08275952199712,18.624595779414328,73.19199216779626
499,499,499,21.25,48.8535052321689,17.913620605849392,73.06982446325559
500,500,500,19.0,48.42353375459707,17.44424598989334,72.91553555215202
501,501,501,19.0,47.851133560167646,17.20662940102901,73.22662995130094
502,502,502,17.75,47.38230187917863,17.706868769316838,73.76904399424049
503,503,503,17.0,50.70621211148509,24.24510624833772,74.63630189752102
504,504,504,34.0,53.94354622742739,23.718411640085478,75.54983400130232
505,505,505,35.75,57.343991947687485,26.164553775323974,77.32339710373543
506,506,506,44.5,61.18430303474968,30.12286517420692,80.86029558773627
507,507,507,53.75,61.61662233920596,26.543254583306584,83.8570178012968
508,508,508,44.25,57.25750020635197,19.142306281354035,83.36144290470207
509,509,509,25.5,53.270064748663295,18.457048983372616,80.52575960453791
510,510,510,22.5,52.43780413987913,20.56297999761549,78.16510771572952
511,511,511,27.0,52.68970395370379,20.032477507635026,76.20492172381852
512,512,512,26.5,52.56449141117236,18.81328035437512,74.45441134660712
513,513,513,25.75,53.06978044150151,20.892996414061283,74.44984775810046
514,514,514,30.75,55.15132707246164,25.222789053257152,76.06708227482414
515,515,515,39.0,59.30306639030788,30.27181644762787,78.45410319432852
516,516,516,51.0,62.2395044801306,30.054282949824373,80.79215724937407
517,517,517,51.0,63.587347872740445,29.29920714986656,82.57922035639278
518,518,518,51.25,63.8851770499922,28.532795748232253,83.95377761677229
519,519,519,50.5,62.504977668131,25.31203949118189,84.12975457872099
520,520,520,43.25,60.15197089061511,22.46106963691224,82.7142790979209
521,521,521,36.75,59.80818300210021,24.275037372634976,81.6413809073984
522,522,522,42.0,62.85790740757725,29.7776465786843,83.18672789970377
523,523,523,55.0,63.1406517970964,26.383151132184487,85.745052138265
524,524,524,44.75,55.874945660647306,17.80716866751653,85.42931344406027
525,525,525,14.0,55.05615937709218,26.339188073773123,84.88068499683594
526,526,526,39.0,57.84697717288627,29.257137026880784,86.96465282427066
527,527,527,44.0,64.83616432953951,39.45739565468602,91.1823110503774
528,528,528,66.25,73.60271513339508,48.260095655603145,96.22925841686767
529,529,529,86.25,77.59604583765145,44.255502719260434,99.25339150930418
530,530,530,81.5,79.14135614516174,43.075477590175815,100.94287306143787
531,531,531,84.25,79.43933939855279,42.32922448343223,103.0507373643809
532,532,532,81.5,74.38564202976971,31.803373625466584,102.46281216467804
533,533,533,54.75,65.58550996450747,21.674081733723416,97.47533818795455
534,534,534,31.250002,58.91619587846328,19.49026889954786,91.95052734392912
535,535,535,26.75,56.03097709951668,20.90510239643424,89.23867723800178
536,536,536,28.25,54.8469129744949,22.19775351486193,88.73242706604181
537,537,537,27.5,54.48325660097032,24.35289901593037,88.51101231691995
538,538,538,29.75,52.66041481332025,22.783382246393423,87.2123265497033
539,539,539,23.0,53.17904977209571,27.231846529159828,86.03977778185387
540,540,540,33.0,54.34517136384897,27.23985848840302,85.5821569742381
541,541,541,33.5,55.64398919632785,26.153651054229297,85.5153906472115
542,542,542,35.75,57.279213936553646,26.82828810403808,86.83391555160175
543,543,543,40.25,59.74390390417931,29.912679640855856,89.63361106780268
544,544,544,47.5,60.89347698487669,28.707503416271543,91.0573773122885
545,545,545,45.25,58.89779845373589,22.49868989425608,89.36237836697634
546,546,546,34.0,56.73672652402396,20.915183378119355,89.36292863890239
547,547,547,32.25,54.02700413621064,20.12637590909508,92.01348578922752
548,548,548,24.0,50.974352284087054,19.59818089272449,94.24902785293065
549,549,549,17.0,51.82145922943588,27.02854673184332,96.90029668828012
550,550,550,30.25,57.682012986417455,36.96463448187313,100.33392013720113
551,551,551,52.0,74.42826976164055,63.76157863844383,108.08806597760393
552,552,552,112.0,89.39848354228381,71.4318557003586,118.58128937883471
553,553,553,126.25,103.06459687995816,82.08823839614075,126.91175334978035
554,554,554,155.75,101.9825861863404,60.47559314728028,128.5402060768363
555,555,555,113.75,95.76213624732888,51.084780854205455,124.33357530012748
556,556,556,101.25,89.05034483707365,43.64827031191247,118.94259058851583
557,557,557,84.75,85.23606528059283,41.6564620266515,113.96161715747866
558,558,558,80.75,78.12021286352339,29.79936764584499,107.99577437016792
559,559,559,53.75,66.90511340187275,19.791003512569127,99.24236405990627
560,560,560,27.0,57.392093050982695,18.46416583361611,90.57067279914158
561,561,561,19.0,51.83055339013362,19.969790529820152,84.63705393581995
562,562,562,16.0,51.74576749176885,24.916980933077763,81.97859488063685
563,563,563,26.5,53.25032832891587,26.908807560736264,82.22706833460201
564,564,564,29.5,53.01247512312335,25.34895173198089,82.92804873575025
565,565,565,25.75,52.47815741445565,24.810286875097443,82.528705393582
566,566,566,28.0,52.53030118216752,24.143907572658826,81.31764492786853
567,567,567,29.5,53.60507029723856,23.2545617542669,80.88895374964461
568,568,568,32.5,53.71492291607436,21.16257096215046,81.51057026513935
569,569,569,28.25,53.63269027944643,19.90754376954612,83.55124269743298
570,570,570,29.25,53.317806340966825,19.635628731531497,88.99200133899502
571,571,571,28.5,52.195669818501976,19.70159166154608,97.64236405990627
572,572,572,24.25,51.65531012408632,24.128822784926214,108.14508882306006
573,573,573,25.5,52.24193668204371,31.251715014169505,116.28361794620174
574,574,574,28.75,53.92216632886085,36.13555077634197,119.20511431899264
575,575,575,34.0,55.041331382925065,36.272872969725874,115.79152810513862
576,576,576,34.0,65.3740074470134,52.83843511835432,112.84273090785696
577,577,577,82.0,71.36987307060906,47.431819015563526,112.96927877692893
578,578,578,70.75,66.105245467135,30.87028485743372,107.97649284187936
579,579,579,36.25,59.828234911085225,26.68879050230656,97.41054550290268
580,580,580,33.25,57.27647725084146,24.66830938121922,87.10439988260866
581,581,581,34.75,60.54803828058365,28.57204114199767,82.42114557443803
582,582,582,50.5,64.58637022295184,30.1428400451223,83.41232471546355
583,583,583,55.25,60.40292423672698,19.346851527463155,83.98717545420362
584,584,584,27.0,54.64753845025084,18.557191136953517,81.66707493786512
585,585,585,23.0,52.71199363518806,21.420835587919697,79.23481432908095
586,586,586,28.75,53.601508203637295,23.18939121582582,78.51622522629933
587,587,587,31.000002,56.27077093096839,26.20065895063144,79.53843236699468
588,588,588,38.5,56.548133661050834,23.1384360354742,80.5861867989765
589,589,589,32.75,54.67411658427873,20.620039527866687,80.03888634133368
590,590,590,28.0,52.48090877408586,19.2482336271174,78.55335757586874
591,591,591,24.75,51.4203073268707,19.47099470821831,77.30006557407118
592,592,592,24.25,51.6309881049552,19.588503443785136,76.69501591202986
593,593,593,25.75,52.63093124352284,20.68529077285692,77.44725230884929
594,594,594,29.0,53.84993396736888,22.06135210983428,79.88746618120454
595,595,595,32.5,54.6707782679274,22.303941322670287,83.34307849629025
596,596,596,33.75,55.45217907682713,23.68327494336785,87.24764667039629
597,597,597,35.75,57.426609774663646,29.278828746205416,92.51727074295881
598,598,598,42.5,58.30734934013225,30.971997120243586,94.81749543732862
599,599,599,39.25,60.16696763483955,31.396711666681952,91.8483601896604
600,600,600,47.25,64.1636733402423,33.78696451663197,90.69446930858332
601,601,601,60.0,70.7314255711364,41.599098012601225,95.11726890871905
602,602,602,78.0,72.62808817190495,37.94013454148592,100.31303915184753
603,603,603,66.25,65.08182039124334,25.028953933068596,98.7408095417152
604,604,604,31.000002,56.08924355952566,18.96486926456157,89.65196080229647
605,605,605,18.25,52.48373350330622,19.021859093702137,81.28222942670837
606,606,606,23.5,52.937407026972494,20.60758870842008,78.5437901813146
607,607,607,27.5,53.52126021442263,20.534817080440583,78.58179562900666
608,608,608,26.75,53.01304373744692,20.667269367279,78.7296867118501
609,609,609,26.5,50.82923457175088,19.05274035419169,77.53461347982795
610,610,610,20.5,50.23928070288067,20.784394746737345,75.65737914652824
611,611,611,25.0,50.52598338178783,20.602229059860413,74.65793858965306
612,612,612,24.25,50.61431669983583,19.531572310316683,74.4076308959344
613,613,613,22.5,51.11194227647496,19.60798673844658,75.02555692104515
614,614,614,25.75,52.48226611150344,21.198696314095216,76.93273338408063
615,615,615,31.250002,53.58212762640205,21.44509157441969,79.46222337371718
616,616,616,32.0,53.88530177829544,21.1629047937856,81.53767299173676
617,617,617,30.75,52.74425791245174,19.53998413382613,82.64005108357713
618,618,618,25.0,50.85033566587489,18.922296559883343,82.99484441061291
619,619,619,20.25,50.21618028742537,20.098469785485666,83.33356979740822
620,620,620,22.75,49.709526582719626,19.14907829452388,84.29906958188505
621,621,621,20.25,49.94832625622495,21.275490429854088,86.06809844364757
622,622,622,23.25,49.949034272769794,22.912857562111945,87.09427487916946
623,623,623,22.25,51.499649201647145,26.89058989150472,85.35286966809431
624,624,624,30.5,55.9028444472977,30.44658281133927,81.96979786677916
625,625,625,45.5,60.05466080321359,29.409855828755376,80.5973683245137
626,626,626,50.0,62.02472967891633,28.11227060539083,82.21353898218037
627,627,627,49.0,62.47369287489568,28.17449168630832,84.42638049469446
628,628,628,48.25,60.79571567449581,24.764669332428443,84.7234099434137
629,629,629,39.5,55.18243577868064,17.538788209506865,81.54630125553712
630,630,630,18.25,50.21670487999487,16.136937461595604,76.41973320982785
631,631,631,13.499999,48.00049937177288,16.363222117262946,72.71648385410457
632,632,632,14.75,47.29964369892789,16.625349651953005,71.01053816594367
633,633,633,14.75,47.34007768005356,17.045093408659447,70.35899419463118
634,634,634,17.0,48.43385318745013,19.10103221842127,71.15544310646844
635,635,635,23.0,49.65324477012391,20.4736525216211,73.03010950411328
636,636,636,25.25,50.90305905334886,21.907578620101432,74.60401194090079
637,637,637,27.75,49.3872946797876,18.010510652347367,74.14826205783358
638,638,638,16.5,49.02667213881527,18.79895861037996,72.46965387895852
639,639,639,22.0,49.66839925896714,18.363920962609026,71.59194814604217
640,640,640,23.75,49.50001238111834,16.86067344112549,71.53243073452131
641,641,641,20.0,49.37739345359832,17.179878848464284,71.83177132532994
642,642,642,21.5,49.95746443867678,18.216345369003182,72.98428285811238
643,643,643,24.75,50.27478057906949,18.199749167713712,74.88580986270715
644,644,644,23.75,52.196190742591966,22.00983565211809,78.07738703375918
645,645,645,32.5,53.940904922182376,24.00829122224566,82.36163549987619
646,646,646,33.5,54.41131038087988,24.12579262085347,85.08951686124894
647,647,647,31.5,53.839981382466505,23.11049139282996,84.90232168896796
648,648,648,29.0,52.18302823812101,20.855075341397875,82.28230829901777
649,649,649,23.25,48.987984353934905,17.586793932334896,77.19169135247668
650,650,650,13.0,45.8865453928483,15.84594999862432,70.42649421755918
651,651,651,8.25,44.95943991489128,15.634803323642434,65.51606564744078
652,652,652,12.0,44.8932165228317,15.537368507937671,64.00939176609775
653,653,653,12.0,44.8634211322762,15.68760558342581,64.13680539633336
654,654,654,12.25,44.75260370333006,15.831569558957051,64.84283362528316
655,655,655,12.75,44.518749140200114,16.11007685464567,65.87377908416408
656,656,656,12.25,44.56800948301952,16.627796527784145,66.68387473976723
657,657,657,13.0,44.7387038344782,16.59060364830287,66.87015279217147
658,658,658,13.0,47.96848088263617,20.299410750479197,67.60861771692178
659,659,659,28.0,50.51924805341306,19.3980029714684,69.68870429303814
660,660,660,27.75,51.40666792006383,19.05435081669525,71.80826370864936
661,661,661,26.75,51.23855617817805,18.563548611939066,72.72539092234746
662,662,662,25.5,50.97751451342205,18.499515302145145,73.15654731880004
663,663,663,25.0,51.495709254656674,19.557585498500508,74.08047589350404
664,664,664,27.25,52.02045590029073,19.74460091528564,75.17088740519273
665,665,665,27.0,53.89058072030595,23.044933829800893,76.9239583811
666,666,666,35.0,56.15352632592606,25.46862120197731,79.1206145620294
667,667,667,39.5,56.42586690756349,23.44390298705944,79.70691829379018
668,668,668,34.5,56.28860707833121,23.70144125388629,78.59993992864807
669,669,669,35.5,57.136521089171566,25.076457074204168,77.17373047681062
670,670,670,39.5,56.7847909425241,21.892697432981464,75.2465974852573
671,671,671,33.5,58.43304612195861,25.154735089923605,74.28683520272935
672,672,672,44.0,57.51218072764291,20.613632528407788,74.33074690242762
673,673,673,32.5,54.33972367178114,17.66985014261214,73.09488751524712
674,674,674,23.5,50.71390491301118,16.169917092363143,70.56935214651907
675,675,675,17.0,47.48341251134936,15.566892431009656,67.80082403220925
676,676,676,11.0,47.03466942414043,16.787309353705623,66.2133995799591
677,677,677,17.0,46.8871011674936,16.19618707411246,66.08877399414878
678,678,678,14.75,45.184229665159535,15.20177783688106,66.17759521997121
679,679,679,8.25,44.11971395031045,15.990220292194392,66.89539193117932
680,680,680,10.75,44.82768647339894,17.570689307299357,68.24559782459166
681,681,681,16.0,45.7000178838376,17.329286847583848,69.06801957133817
682,682,682,15.75,46.206561534158126,17.119719453029706,69.47856644992066
683,683,683,16.0,46.94029045186496,17.50889010152517,70.23210148848555
684,684,684,19.0,48.24410842191183,18.42886038684117,71.85263029980649
685,685,685,23.0,49.171731155479335,18.32562937351541,73.85360978383484
686,686,686,23.0,52.52369058209599,23.931132092775847,77.05168016361418
687,687,687,37.0,54.86010115832241,24.162268312591134,80.67544824233975
688,688,688,35.75,55.27532901675578,23.10428615974394,82.26558003246605
689,689,689,33.0,55.75548162550327,24.13947604941442,82.74673780459844
690,690,690,36.25,56.160742225116245,24.316729642231536,83.35364371727029
691,691,691,35.75,56.40581866705797,24.118897713620147,83.26667140511937
692,692,692,35.25,57.99052844447298,26.933529444133644,83.27620211487843
693,693,693,42.25,57.45549171382192,23.960219466786505,82.03353402973303
694,694,694,33.75,55.67615442464484,21.0243444885681,78.38407192054073
695,695,695,29.75,52.3151815438796,17.238222346542916,73.88120408668617
696,696,696,19.5,49.93258847914011,16.902290506892157,69.96516090868238
697,697,697,18.5,48.68160761943194,16.745945413024938,67.70746856571623
698,698,698,17.25,46.69515898273063,15.708260957289728,65.82265515375515
699,699,699,10.25,46.218718875244186,16.290743967644012,64.04920944266625
700,700,700,15.500001,48.079877931344406,18.29355035446683,64.5672574447206
701,701,701,24.5,51.80497308253162,22.25849436429836,67.8584925300586
702,702,702,35.0,52.25345937617506,18.727403083357025,70.69952447334391
703,703,703,25.25,51.08993873639224,17.90390463787522,71.57136063904913
704,704,704,23.0,49.98891064501041,17.641810119500718,72.0502366169282
705,705,705,21.75,48.88102249695058,16.837178664123186,72.62009088657979
706,706,706,18.0,48.488807010464335,16.95928400451223,73.25341718866073
707,707,707,18.75,49.09377963443602,18.343707640525693,74.79858809394976
708,708,708,22.25,50.30291781688785,20.209223016040426,76.62859442207692
709,709,709,26.0,51.05702880673533,20.35306226326843,77.5859501820483
710,710,710,26.25,51.84597200950136,21.584930344745363,78.42944367508277
711,711,711,28.75,53.37840595394224,23.885228408705306,79.697857149408
712,712,712,33.5,54.175650925832514,23.087592743747532,80.6198414299733
713,713,713,31.75,54.96908067903556,24.058061483716536,81.07556930216349
714,714,714,34.25,57.33048093766336,27.625305630198923,81.33043324742977
715,715,715,43.25,59.533157093463686,27.37539413226703,81.2979085081211
716,716,716,45.25,63.08558058273797,31.372044810477178,81.90380192044903
717,717,717,56.75,63.982765941836256,27.994303309885638,82.70618643212855
718,718,718,49.5,61.7915721268927,24.04427717196915,82.0869911131084
719,719,719,39.75,59.77153489182571,23.13842136155617,80.50278024890633
720,720,720,38.75,56.39112640663261,18.653998642662582,78.92556150664453
721,721,721,26.25,52.477651164283685,17.105940644001578,77.24247044581197
722,722,722,18.0,50.11801911277823,17.73803066848868,75.55116199088383
723,723,723,18.25,48.77754936397736,17.656619771270304,73.2464910993516
724,724,724,17.0,46.94281069728624,16.37649651035887,70.29033493217898
725,725,725,11.75,46.07392765758412,16.910196080229646,68.19583123160028
726,726,726,14.25,45.56650357218192,16.762972660656473,67.17423305850308
727,727,727,13.25,44.284094848537656,15.912171556444145,66.52966653521281
728,728,728,8.25,43.61892614433633,16.14126443317406,66.52261571760044
729,729,729,9.75,43.616541632656805,16.28328594880637,67.30248310206628
730,730,730,10.75,42.9637760576685,15.558775920100516,67.93741619817126
731,731,731,7.0,47.50689078019388,22.149267221218487,70.52114832579767
732,732,732,32.0,51.08482854443904,21.471673376927097,75.05965910654182
733,733,733,30.25,51.784337885304986,19.87242908370553,78.21722947256436
734,734,734,26.25,52.27512908462265,21.306001173913444,80.36730330071444
735,735,735,30.25,52.8118459788879,22.15004493887396,82.86675578014803
736,736,736,30.25,52.80686785219696,21.94038399809239,84.60577647954364
737,737,737,27.5,52.53219411759311,22.184800113722865,84.98894916404524
738,738,738,26.5,53.06184552032797,23.964419875821967,84.02716188082944
739,739,739,30.25,54.56500499830333,25.058397149591425,82.20695039298587
740,740,740,35.25,54.41846758439796,22.253077854306337,80.03337628511423
741,741,741,29.5,53.54627924466007,21.14231361831305,77.0264263506883
742,742,742,28.0,53.07857011840018,20.41749543732861,73.99440602731183
743,743,743,28.5,54.59143272467144,22.929079578491702,72.95289534745086
744,744,744,36.0,60.48347304126122,32.014054403551086,75.30491163549988
745,745,745,57.75,66.9533905921843,36.30713656832084,79.90305721910912
746,746,746,68.0,70.02183891706485,34.8246086190926,84.07594532131294
747,747,747,65.75,69.8227872190174,32.20148802700001,86.13243623724057
748,748,748,60.75,66.06538376881242,26.015624512780064,85.08602446875831
749,749,749,45.25,66.20847648046076,30.804226546951952,84.1117276704238
750,750,750,58.0,63.22835780514871,22.47167887964636,83.40539862615442
751,751,751,36.5,58.45460944450049,18.394604125205205,81.07508506286857
752,752,752,26.75,55.32963351889725,19.21077478287187,79.90808303603364
753,753,753,27.75,52.79904298540863,19.17896906554656,79.25889422856461
754,754,754,22.25,51.12145464383649,18.8797678769592,77.2492938176949
755,755,755,21.0,53.28428010675275,25.00691003971129,76.99853856947642
756,756,756,35.75,56.4789791538652,27.65958757119143,79.18171675669727
757,757,757,41.25,56.60842512174767,23.90673303557508,80.58485147243596
758,758,758,33.25,56.2815342498418,23.926671221695383,80.95877958858003
759,759,759,35.75,56.855629281803424,25.00587552849033,82.04993947008813
760,760,760,38.75,56.26180516705339,22.433266230729014,82.99692810697286
761,761,761,32.0,56.2766845199336,23.028964938507112,83.06497106486789
762,762,762,35.0,58.14206966442584,25.965494740317503,84.15630703339234
763,763,763,43.25,59.28230646477801,25.17906444601374,86.89233241927052
764,764,764,41.75,60.43479598668342,27.32114465731816,90.89562671386777
765,765,765,45.75,63.3058214184176,33.63824068894045,96.75402707337877
766,766,766,56.25,68.54528325247394,42.730288342489246,103.41726982583893
767,767,767,71.0,72.82296514027348,45.00632308299018,107.944665113677
768,768,768,74.25,78.82884571292314,52.25393627851096,110.91498894870548
769,769,769,93.0,81.45354008272422,48.71206333629869,112.41055467410145
770,770,770,86.5,81.14067747645295,45.305814081458585,111.98913442226034
771,771,771,81.5,87.20803442868018,58.65901345414859,112.55118950448013
772,772,772,113.25,84.19746003650137,40.53936966350872,110.85190577510386
773,773,773,72.5,74.99751506369398,28.771246916184413,104.43685767216633
774,774,774,48.75,63.8093422416244,19.96112924970423,95.50984023771747
775,775,775,26.0,56.64447160138302,18.90907352550052,87.57093509542632
776,776,776,22.25,53.30585810321267,19.25837697295413,83.35379045645057
777,777,777,20.25,52.243136274842485,21.27836284930803,81.63876894998945
778,778,778,22.25,51.87919742839586,21.99427396204958,80.30781523702963
779,779,779,24.5,49.9466130762952,20.03757669414969,78.99836615093959
780,780,780,18.0,47.29317983803663,19.38639039958913,77.701815438796
781,781,781,13.0,46.45625659179911,20.184055412382957,76.65106019057751
782,782,782,16.0,48.095681741060375,21.37839494850372,77.47961563505966
783,783,783,23.0,49.65263213404624,20.817774241771144,80.3087983895375
784,784,784,23.5,50.34947449031063,20.43136595834441,83.30960728926878
785,785,785,24.25,50.1707901904858,19.553757440135,86.18069875363409
786,786,786,23.25,51.705766391225,23.26119436521548,90.50312141750048
787,787,787,31.75,56.44430835404496,30.78543659491732,97.27343241285068
788,788,788,47.25,59.78684345680824,32.89515348001137,103.94175234094848
789,789,789,46.25,57.70604886414704,27.135343507249832,107.00640012105983
790,790,790,29.75,53.18194787090621,23.908427873107293,105.26702724763153
791,791,791,20.25,48.70932298210699,21.204707117767363,100.3378013885195
792,792,792,12.0,47.78462402670653,24.93881388886341,96.04430835404496
793,793,793,18.0,48.53118161724919,25.859420655373864,90.02678402744023
794,794,794,19.75,49.86610462503554,23.052212093142696,81.73491979786678
795,795,795,24.25,50.247061547914925,20.193721855883783,75.43742445225016
796,796,796,23.75,50.5531264616598,19.71646367746728,72.43556636737988
797,797,797,26.0,49.33307455267478,17.46421168960995,71.18418197492595
798,798,798,18.5,49.06269660757358,18.32857149407999,70.47382494015793
799,799,799,21.5,48.58462402670653,17.402487687665655,69.9041100727276
800,800,800,18.0,48.702004365490616,17.523393435255922,69.00572878931006
801,801,801,20.5,48.3527797903464,16.239900675917347,68.16883122242908
802,802,802,18.25,47.26442996414061,15.452263451855792,67.98316947458203
803,803,803,15.0,45.844988856993496,15.388725386795308,68.31562909837945
804,804,804,12.0,49.78164155286738,23.081418692737326,70.60688802883425
805,805,805,35.0,53.30508405403671,22.981201335326546,74.4201184001761
806,806,806,34.25,54.945866540715535,22.521463815035265,77.67453662518228
807,807,807,34.5,56.33415491988958,24.61620229830241,80.94112686519254
808,808,808,39.5,55.03692920751672,21.81335555820501,83.19088061850564
809,809,809,28.75,51.72479846290709,18.928162458614967,81.43132377083009
810,810,810,18.5,49.75096939570971,18.51676816126636,76.39053211295249
811,811,811,19.25,50.66777745169071,19.70741720700313,72.28239267404642
812,812,812,26.75,51.67234654291662,18.66955299577208,70.76241688601117
813,813,813,26.25,50.719268230050346,16.82775067179031,70.578281225639
814,814,814,20.5,51.05617771948972,19.70508772251621,71.43600108220146
815,815,815,28.0,50.9016503572182,18.971747663637117,72.49372644148316
816,816,816,24.0,50.77264093839706,19.23409163861808,72.74849500628227
817,817,817,24.0,58.011288370002845,33.53499867017618,75.58130221851299
818,818,818,59.0,64.24266304098609,33.845495107165455,80.6179411575887
819,819,819,60.0,67.67737969680017,33.57080303016407,84.72927951062483
820,820,820,62.750004,69.14333345561599,33.70552060309803,87.60089923603914
821,821,821,64.0,69.9251524711795,34.07091583590891,89.53933114447389
822,822,822,64.25,66.94306749085173,26.87756312077552,89.16556444142815
823,823,823,46.25,64.18150948760513,25.33124398140081,86.94639113328503
824,824,824,44.5,63.99872382769152,27.5548378073498,86.25724524702623
825,825,825,50.0,67.16963278520136,33.990543118391,89.51107651531132
826,826,826,63.0,71.8661890000642,40.47682575639462,94.69065408989609
827,827,827,74.25,80.25771848088263,53.05617405101021,100.80052138264993
828,828,828,101.5,84.36421444096958,51.131088071021765,106.28789172482735
829,829,829,94.25,75.50476306207985,31.203848693562737,103.90354879536304
830,830,830,46.0,64.9292850133441,23.02987288718509,94.66479864633106
831,831,831,33.0,58.9318199326834,21.3394650439759,86.68884186101965
832,832,832,30.0,57.55948577088511,22.039847482964497,82.90029301980061
833,833,833,32.25,58.315214560195166,23.20590671056614,81.78853829434046
834,834,834,36.75,57.12812393958014,21.057861551583407,81.13440437649605
835,835,835,31.000002,55.85590992048571,22.32376211744637,81.33068270403625
836,836,836,33.5,54.90279492282436,23.05451222979356,82.6410855947981
837,837,837,32.0,54.60673395269496,23.47701835156873,84.79532681566808
838,838,838,31.250002,55.38577959775122,26.27687528086796,89.21202940286325
839,839,839,34.25,60.46415482817759,36.10543622806937,95.29171978319286
840,840,840,55.75,68.19768014527179,43.43501059273458,101.88515137063565
841,841,841,74.75,73.3896645175491,44.13696314095216,107.80267294588076
842,842,842,76.75,72.96321111182442,38.4903184240212,110.11206883901795
843,843,843,64.25,68.76625044709594,31.90804635123857,107.68512752551887
844,844,844,50.5,63.14659473389767,25.30610389133964,103.26102928363767
845,845,845,36.25,60.83648348725662,27.159144602290965,101.15687748195566
846,846,846,39.75,58.25546603446536,23.654193072076453,101.26522969267313
847,847,847,29.25,55.96631281124756,24.41156534020562,101.52922815191174
848,848,848,28.0,54.95747360987555,28.454026156258884,101.54291891743169
849,849,849,31.000002,54.95155635243083,31.579071782972758,98.8450677293029
850,850,850,33.0,56.400378311949154,31.7033415262709,92.08028146409018
851,851,851,39.0,61.51900409952585,35.59342654328347,87.78476342892779
852,852,852,58.0,64.48316855746215,33.08570531104121,88.52609710465255
853,853,853,54.0,63.01968001687501,27.418729880682704,89.45053926648752
854,854,854,42.5,61.58346295294258,27.46447215165494,89.36327347597604
855,855,855,44.5,60.69777460861909,26.19368150260921,88.87973852912314
856,856,856,42.0,58.33148059832901,21.673516787879343,87.54026660674816
857,857,857,31.250002,57.31856938470428,22.96624127589717,86.52234425011693
858,858,858,35.0,54.087820189476965,18.52072828489412,85.7064010381797
859,859,859,21.0,53.139122041142,21.10267202876088,86.23378165209975
860,860,860,29.0,57.97653319515394,32.238315892770345,91.58766336197804
861,861,861,52.0,61.65672982565551,34.569572255289486,98.72601089538414
862,862,862,49.75,62.55322551060649,34.682466043636566,101.67448526646918
863,863,863,47.25,59.86449049405248,29.16144107046232,98.77950466355458
864,864,864,35.5,59.076523106835296,29.69346964791768,93.6208667699955
865,865,865,42.0,59.00967240478003,26.95043012922219,89.46040013940222
866,866,866,39.25,59.03729972394692,25.34465043975898,86.99742702018581
867,867,867,38.5,57.8326480919321,22.64825930647395,85.10967882461917
868,868,868,33.5,56.474565973018336,21.766538422737234,83.52242312242633
869,869,869,32.75,55.92951429331328,22.708143565945505,83.5387038344782
870,870,870,34.0,55.39004970789732,22.55242761631373,84.59307620349055
871,871,871,31.5,55.022915615800144,23.13525913222117,86.0310981593404
872,872,872,31.250002,53.61213945724846,22.421662830048515,87.2936347294955
873,873,873,25.5,52.26070829168081,22.774673276043917,86.65338233810542
874,874,874,24.5,52.66394389060594,23.99778102845823,84.52630987646396
875,875,875,30.0,55.00746398011684,26.26785082128085,83.83309197795244
876,876,876,38.0,54.08660959123967,20.937601456386364,83.1485170171593
877,877,877,25.25,51.8195186037767,19.272768418059925,80.50709438080652
878,878,878,21.75,50.32563304199492,18.84145794546805,78.15004493887396
879,879,879,21.75,51.78616845657896,21.907749204398502,77.88150490200574
880,880,880,31.000002,51.58113346845566,18.2505796197621,79.19501866338949
881,881,881,22.25,48.8556182763649,17.314847712244468,80.67131753441492
882,882,882,13.0,45.909113878775095,17.683317130882177,80.01639856195604
883,883,883,9.75,44.37663591258013,17.653297963076753,77.38112429725689
884,884,884,10.0,44.428302777956105,17.69969322340123,74.83852316186248
885,885,885,12.25,44.18020350890065,16.877161422269506,73.41959197336683
886,886,886,9.499999,43.762503095279584,17.108145400185258,72.59447756266222
887,887,887,9.75,44.03220604015151,17.434049451103753,71.8540096481011
888,888,888,13.0,42.98328136320698,16.316043636563734,70.67041875693572
889,889,889,6.25,41.45038519034823,15.77706145620294,68.89257087043848
890,890,890,3.25,40.129677540651336,15.612103689573264,67.24165971184094
891,891,891,1.25,39.7754308170621,15.71472298394123,65.91977448022232
892,892,892,2.75,40.22854673184332,15.84197336683878,65.09286251455927
893,893,893,5.0,40.55942524097325,15.46456019516311,64.57882049212652
894,894,894,5.0,40.80241798655502,15.234586883351524,64.46977860726176
895,895,895,6.0,41.31940579803186,15.701987857332831,65.26015985399451
896,896,896,8.0,41.016268330933535,15.930512119739172,65.85162880490108
897,897,897,4.5,41.286759998899456,16.258054146757523,64.96117143721855
898,898,898,7.5,44.43757669414969,18.50153663435348,64.78600154076139
899,899,899,21.0,43.45333464787182,15.06566257325495,64.93462631950622
900,900,900,4.0,41.69735823619505,15.229321698139165,63.91321157038436
901,901,901,4.25,40.93801232609114,15.535157331914856,61.99361363573833
902,902,902,5.5,42.07699083797243,15.832695782165686,59.9993988279208
903,903,903,11.0,45.53307271843503,17.948801324321103,60.09257820739749
904,904,904,22.25,47.60710630336492,17.204503517154727,61.77629290974623
905,905,905,20.75,48.40633592266845,17.279973311811588,63.25788906517971
906,906,906,21.75,47.6219159551345,16.074859451378888,63.564368517108875
907,907,907,17.0,46.44862248594514,15.625507396571804,62.7620133532654
908,908,908,14.25,45.68412603061346,15.569319130203509,61.65358960719756
909,909,909,13.0,45.17390289534745,15.335457230114548,60.11860973797885
910,910,910,11.75,47.94155424305511,18.8728876436439,59.839981382466505
911,911,911,26.75,50.7468185111476,19.47484294322111,61.59376404339811
912,912,912,29.25,52.0693787429955,19.157889982299587,63.70449709731559
913,913,913,29.0,51.17738795087906,17.25551005621945,64.79807817529829
914,914,914,23.0,48.858762163302366,15.849508423746068,64.29075680732228
915,915,915,16.0,48.14448719242092,16.738324146849234,63.44649293359135
916,916,916,19.25,46.365410365288845,15.005944312481084,62.451095041132824
917,917,917,9.75,43.89957583205701,14.095446958371928,60.58017049258508
918,918,918,4.75,41.564335500793305,13.809678824619166,58.78131689243101
919,919,919,1.75,40.56417959041426,14.472506121775178,58.057577244421616
920,920,920,3.5,39.986482111576805,14.742600676834469,56.838849656538606
921,921,921,2.0,40.2657157662078,14.730409402312976,55.72082916808056
922,922,922,5.0,42.24073342076543,15.88812834175555,57.11835844713262
923,923,923,13.25,43.04417078606345,15.181300384273229,59.8273764868806
924,924,924,10.0,42.47784559369755,14.937086952135514,61.9255193191302
925,925,925,7.0,42.03781514531765,15.294722433669303,62.67669185689262
926,926,926,7.7500005,42.2516875005732,15.292656162587011,62.508396691031486
927,927,927,9.0,42.04627832754019,14.918630831736015,61.80006465695131
928,928,928,6.25,41.96685574621459,14.847937397397214,60.9943124810844
929,929,929,7.25,42.16067986096463,14.891145666150022,60.99225079560149
930,930,930,8.499999,42.569572255289486,15.068509313352347,61.99720140869613
931,931,931,9.75,42.69623017874667,15.247894292763007,63.88093628768216
932,932,932,9.0,50.75864202059852,30.016805763181303,68.7120743417372
933,933,933,48.0,55.70579940754056,26.33101103295212,73.9094293680127
934,934,934,39.5,52.29947678311032,17.152411108155945,73.5943363262012
935,935,935,15.25,50.17201913112063,18.49095490521566,70.221257463063
936,936,936,24.25,52.65134266349955,23.234355769142585,69.29908242156333
937,937,937,37.0,52.98560351073489,18.54945431367334,68.67390748094684
938,938,938,24.5,50.03990251015711,15.160067224886966,65.5685542522263
939,939,939,13.499999,46.54296110494603,14.476534112273816,61.93209323440667
940,940,940,9.75,43.12249649201648,14.043649861973458,59.04808872217688
941,941,941,3.0,41.74308950172877,14.515953758815815,57.19632097361446
942,942,942,5.0,42.61849142951476,15.568906426258977,57.11255491255262
943,943,943,10.499999,42.82716554930895,15.256844465640103,58.03247017067601
944,944,944,7.5,41.56064867888882,14.73168786742115,57.84258967139595
945,945,945,3.25,40.63599007676294,14.746256316663152,56.72480396562635
946,946,946,4.5,40.66514348340471,14.791949980281922,56.26755734292029
947,947,947,6.0,42.89351733815127,16.057549730825315,57.284313123068316
948,948,948,15.0,44.68335014719774,15.522463475700908,58.994374845236024
949,949,949,15.0,59.66678512798408,43.01996615827655,66.733325843521
950,950,950,84.07889,57.51440015774462,20.33919907921164,73.37962022065905
951,951,951,16.0,51.18619963865477,15.753108119262269,72.65590992048571
952,952,952,15.75,47.33232618285536,15.187280005869567,71.41238341113566
953,953,953,15.25,46.817370709025376,17.21608674119794,72.92999669836844
954,954,954,16.0,47.887488192081584,18.644200133899503,73.61187165824445
955,955,955,18.0,48.44699001256454,17.135127066958923,71.14823087575778
956,956,956,18.5,48.36533699569871,16.485017471133652,69.66197575135045
957,957,957,20.0,48.18488082027202,18.10405687977476,70.26196291167219
958,958,958,20.75,47.0908191714739,17.23916698001596,68.86564423085741
959,959,959,15.0,45.42860175903592,16.105722369470914,64.81818144299642
960,960,960,10.0,45.42598980162697,16.333604647963536,61.584057246622706
961,961,961,14.75,46.90282060218091,16.74414969230628,60.69323303098948
962,962,962,20.0,47.56284976659299,15.884878068912387,61.207223694709135
963,963,963,18.25,46.1910952245568,14.346314095215384,61.566367838440165
964,964,964,11.75,44.08299247044581,14.161578638443832,60.6805327549364
965,965,965,7.7500005,42.84944055687519,13.951387602373506,59.359924154186196
966,966,966,7.5,42.82530929867843,14.97843988737768,59.27573254950155
967,967,967,9.0,43.25591909168448,14.864811486009335,60.816024377046325
968,968,968,10.0,43.61822179627099,14.480853746893256,63.63466392142117
969,969,969,11.0,44.33290396837771,15.595557012757135,67.31079587662903
970,970,970,14.25,45.34659289965792,18.436980566229813,72.005305079927
971,971,971,16.75,47.14373698836175,21.792606638113668,71.84078844795803
972,972,972,22.0,48.78454515439713,18.258461347982795,68.04736052899474
973,973,973,23.75,50.85563295028293,19.91338215468144,68.04588580023295
974,974,974,29.5,52.23531507653365,19.91258426038868,69.93904133459284
975,975,975,29.75,51.5760929776131,17.796840063464696,70.86734273686913
976,976,976,23.5,49.48165164118602,16.243209644432625,70.21420664545063
977,977,977,17.25,48.88640048790777,17.363645826646,69.20001880095748
978,978,978,21.0,50.737518915597455,20.270822289681483,69.27773920779185
979,979,979,29.0,51.86259022166787,19.32117400515421,69.5085892862056
980,980,980,26.75,50.70883507433257,16.736799893614094,68.68217623375551
981,981,981,20.25,49.55306226326843,16.98114814237369,67.9885327916212
982,982,982,21.0,49.08890789365078,17.649759714592296,67.97992653869787
983,983,983,21.0,49.35298339095903,18.256768344690336,67.6074731513156
984,984,984,22.0,50.64813274393096,19.40187321734824,66.94019140291827
985,985,985,26.75,52.39838999605639,20.159623338866623,67.04749442849675
986,986,986,31.000002,52.75422517127214,18.82094931078441,67.75863651787925
987,987,987,28.0,52.51504030741858,18.651637976099856,68.49713812742463
988,988,988,27.75,52.22467648596348,18.59832946614452,69.20655603143886
989,989,989,27.0,52.201502700918034,18.63966956170841,69.97483835762172
990,990,990,27.0,52.40913130405275,18.89277997377037,71.04724497189028
991,991,991,27.5,52.63588735933674,19.28397562295368,72.40845630382347
992,992,992,28.0,51.8665044893018,18.13353311261315,73.47998981996936
993,993,993,24.0,50.885200895109,18.05971596797417,73.89945110375378
994,994,994,22.75,51.379484486917285,20.311028825077727,74.43138063226245
995,995,995,27.75,52.14829507414914,21.047751222062235,74.94302346909764
996,996,996,28.0,52.67418628538936,20.81227885946972,74.60706411585058
997,997,997,28.5,51.06886699010428,17.337929785302236,73.23328457312655
998,998,998,20.0,48.97940744884764,16.61285297651256,71.84661399341508
999,999,999,17.0,61.705139081229305,44.384501132643045,77.32513596302172
1000,1000,1000,84.07889,58.22683355191357,22.10703935361391,81.14811715289305
1001,1001,1001,13.25,51.55034758843328,16.95585581041298,76.82289177068334
1002,1002,1002,14.75,47.79206370314664,16.265761622201637,72.45273485147244
1003,1003,1003,16.0,47.10843521006631,16.767156561534158,70.73651008373305
1004,1004,1004,16.25,49.56450425085063,18.87632134046241,71.18464420334382
1005,1005,1005,26.0,58.54385621394572,33.37968625329017,76.19961710245146
1006,1006,1006,61.0,63.75242945055348,31.690593559984222,83.04526399295652
1007,1007,1007,56.0,62.7050051817273,26.2532686152407,85.99207287434541
1008,1008,1008,43.75,61.77713666003283,27.949731283876115,86.1491131450792
1009,1009,1009,48.25,59.02937213973239,22.98623265497033,84.95182415143483
1010,1010,1010,33.25,55.411855150086666,18.82121160706916,81.88309702211176
1011,1011,1011,23.5,54.21009061144383,19.761321844878346,79.07855177600264
1012,1012,1012,28.5,54.44879490448197,20.70847923182039,77.9158125223548
1013,1013,1013,31.000002,55.34788420444436,21.431180700129318,77.7992135697057
1014,1014,1014,34.75,56.60595256655998,23.387362546658476,78.59901547181232
1015,1015,1015,38.75,58.25337866962591,25.67657263130864,80.52044030925282
1016,1016,1016,43.0,58.59790025404221,26.102395058558105,82.1547552665609
1017,1017,1017,39.25,59.27100021093757,26.72146198079551,82.99232783367114
1018,1018,1018,42.75,63.450242119647456,32.55751396315012,85.2117432614617
1019,1019,1019,60.0,60.33747122536387,20.33060016324734,86.53337169951484
1020,1020,1020,29.0,56.182969542448895,20.91749818868824,86.65882636169374
1021,1021,1021,27.5,52.80491622109926,20.63005447692068,81.95629052523455
1022,1022,1022,22.25,50.59260296963416,16.986271174005154,74.58029155240881
1023,1023,1023,18.75,49.0499486412869,16.531994185459983,71.99617790291369
1024,1024,1024,16.25,48.84513009345452,17.27093050982694,72.90958527839175
1025,1025,1025,20.0,48.94505947522401,18.00011784990416,75.96342571787558
1026,1026,1026,20.75,49.35815961554335,20.914776176894083,80.57577565413575
1027,1027,1027,23.0,49.758093582912224,23.04017581188037,83.0622343791557
1028,1028,1028,23.5,49.92845410273577,21.880983977915754,81.72507359887011
1029,1029,1029,23.0,48.77579583077304,18.899330043930043,79.08626291992627
1030,1030,1030,17.0,61.69370076212662,45.90566917651806,82.07523730476811
1031,1031,1031,84.07889,59.30220062914424,22.17228326164513,84.32981144015334
1032,1032,1032,19.0,53.54953318598274,17.687286425708706,81.4527917129048
1033,1033,1033,20.5,50.82926391958693,18.40368177774517,79.63073131138971
1034,1034,1034,24.25,50.18442592881316,18.399879398736207,79.50799866100498
1035,1035,1035,21.5,49.937185083962326,18.093229362509973,79.49949512550785
1036,1036,1036,19.25,48.87002439538872,17.531201793886478,79.08626291992627
1037,1037,1037,16.25,47.28937929326742,17.07223832277117,78.010319891413
1038,1038,1038,14.499999,46.53300485156415,17.860933903170483,77.06400625475756
1039,1039,1039,16.25,46.39274420609518,19.07957161330557,76.49711611654759
1040,1040,1040,16.0,45.91655722369471,18.440537157111805,73.51099580876216
1041,1041,1041,13.0,49.4261108614507,22.579678916331154,71.03992268679438
1042,1042,1042,32.0,52.39240303750103,21.487882553628584,71.76917239102323
1043,1043,1043,32.0,55.14526674431615,23.49254702532168,73.49591835798857
1044,1044,1044,39.0,55.72017617872832,20.730607500206357,75.01045745939452
1045,1045,1045,34.5,52.582892504379245,16.62532397259646,74.8643125727964
1046,1046,1046,19.75,49.82824591652375,16.06995102579858,73.46120720489375
1047,1047,1047,18.25,50.30643955721453,19.09790300540184,73.1120119775856
1048,1048,1048,26.0,52.15202224932821,20.0219709823271,74.406889863074
1049,1049,1049,29.5,52.9493809440832,18.97446600695177,76.12849262177059
1050,1050,1050,28.25,51.52835505378908,17.354045415776294,77.398057998661
1051,1051,1051,22.0,50.72734622192467,21.072685877271017,79.82871181342114
1052,1052,1052,24.75,48.84381677779103,20.037345579940755,77.48261645129635
1053,1053,1053,15.75,47.87952025459248,17.10931014242872,71.2697969496593
1054,1054,1054,17.0,46.91556123150857,16.501340370699854,68.60091941267643
1055,1055,1055,13.75,46.27180544218935,16.353917018993553,67.42897227546612
1056,1056,1056,14.0,46.7766725973752,16.878344506910498,66.54828773719012
1057,1057,1057,18.5,48.21681860285958,17.87156882526115,66.71524757651072
1058,1058,1058,23.0,52.11624356869687,22.80155772811064,68.7986577950604
1059,1059,1059,37.0,54.37040683437732,21.738111375037832,71.88595476764768
1060,1060,1060,34.25,52.69473343910783,17.71471748122197,73.26244898520686
1061,1061,1061,22.5,48.78349596925814,15.63090372992654,72.44899300237535
1062,1062,1062,12.499999,46.655047827801575,16.19173170575126,72.1670997001018
1063,1063,1063,14.0,60.67669185689262,45.11165613507342,78.84329218522153
1064,1064,1064,84.07889,60.926086099214025,24.55489100030265,84.64889578766841
1065,1065,1065,27.0,55.88028329832993,19.575014444638057,82.40496757981235
1066,1066,1066,24.5,50.48803662976788,16.72312380201216,76.96251410071811
1067,1067,1067,17.0,50.650190760934365,20.164707851463263,73.92789649385071
1068,1068,1068,29.0,52.78056485413208,20.8247663637114,74.55281464090172
1069,1069,1069,29.75,53.81735053238809,20.80713931968048,75.75746260443702
1070,1070,1070,28.5,50.92369058209599,16.564909617836147,74.57936709557306
1071,1071,1071,16.0,47.03197676018232,15.599656538606162,71.15936104258188
1072,1072,1072,11.0,45.53933114447389,16.307022845456128,68.18305758595706
1073,1073,1073,14.0,45.28406733494135,16.44592431926777,66.17130010913726
1074,1074,1074,12.25,44.10656978823702,15.164390527985914,64.2758921283601
1075,1075,1075,6.25,42.50216761282867,14.760488182910388,62.72990682062052
1076,1076,1076,4.5,41.61226051707219,14.819272815649734,62.17644331740602
1077,1077,1077,6.0,42.7406004383833,15.600791015893687,63.56445656061704
1078,1078,1078,13.0,44.2944032759522,16.175746306299697,66.32056320331631
1079,1079,1079,14.75,45.54968726212204,16.81125535368728,69.16175655969992
1080,1080,1080,16.5,43.93509771912287,16.378523345286464,69.58691866063813
1081,1081,1081,6.0,42.13494180874382,15.471485367352368,67.26251134935848
1082,1082,1082,5.25,40.82279272173666,14.077330172326825,65.17949732659557
1083,1083,1083,3.0,41.143135357722606,14.568596439740638,66.09346231095867
1084,1084,1084,7.0,41.5814159413777,16.658767666021625,70.34183304749764
1085,1085,1085,6.5,41.281044507827616,18.110938947329807,69.99537450590167
1086,1086,1086,4.75,40.686615093958935,15.217928317910436,65.00757036602255
1087,1087,1087,4.25,40.46580564395572,15.101536634353476,62.717602740354195
1088,1088,1088,5.0,56.87956977906583,45.34409099663417,69.901153278245
1089,1089,1089,84.07889,70.64581793336207,46.75054568632666,82.87310958665407
1090,1090,1090,84.07889,76.91039234388327,44.95067591734916,91.46559103790456
1091,1091,1091,84.07889,63.69151067986096,20.292000421875144,88.31869594724726
1092,1092,1092,13.0,52.13276273191669,16.38206159377092,77.8556421214817
1093,1093,1093,13.0,47.94609215220522,15.756776598769225,70.14807863385823
1094,1094,1094,13.499999,48.35565954675936,15.955127617230849,66.11219356732119
1095,1095,1095,15.500001,48.99609903060429,15.236544017168484,63.674723717637136
1096,1096,1096,16.5,47.81796316846575,14.822658822234654,62.30756211194365
1097,1097,1097,15.0,46.18709658189422,15.466369672679916,62.05346121041482
1098,1098,1098,15.25,45.59621091922925,16.956945348826544,62.692627731870836
1099,1099,1099,16.0,45.95326769812082,17.92021102928364,63.24287031007823
1100,1100,1100,15.75,46.21791547823216,17.408443464145197,62.85159762282528
1101,1101,1101,14.25,46.24505122114512,16.501230316314647,61.55653631336152
1102,1102,1102,14.75,47.95424718214918,17.30575171730697,61.34204031658978
1103,1103,1103,24.25,49.94046470464154,17.65829993488449,63.06312215119638
1104,1104,1104,27.25,50.923859332153306,16.653191577171054,65.35826966992856
1105,1105,1105,26.25,51.69001394022213,18.10972101213349,67.61808239404972
1106,1106,1106,28.25,51.0078638443831,17.124037253409394,69.51968276823463
1107,1107,1107,22.5,50.44089666810349,17.070404083017692,71.97761539660848
1108,1108,1108,23.0,51.19306703229179,18.043695717967296,77.04526032447701
1109,1109,1109,27.5,51.09501591202986,19.67811889542082,85.44895448334051
1110,1110,1110,23.25,50.809057934462615,25.15800737364381,90.27977704815797
1111,1111,1111,23.75,50.21584278731073,23.968368994011207,86.53679805937433
1112,1112,1112,22.0,49.19916771371186,20.1542581875877,76.78427735539313
1113,1113,1113,19.0,48.20241982079477,16.51551904399424,68.4838288837734
1114,1114,1114,17.25,46.58489916266955,15.55548987958216,65.60227491585425
1115,1115,1115,12.0,48.58046763942515,19.44069673597036,65.9580000366848
1116,1116,1116,27.0,50.05652072232361,18.43911745554261,67.48588506653705
1117,1117,1117,24.25,48.7670208277924,16.09225171272137,67.64128919541074
1118,1118,1118,15.75,47.41374808551226,16.13247292203564,66.770766345369
1119,1119,1119,16.5,47.817864119519065,17.444651356878857,66.7060543668663
1120,1120,1120,21.25,48.80113035024808,17.649730366756238,67.43925869200363
1121,1121,1121,22.0,49.83689619120115,17.99635765840953,68.45663077670882
1122,1122,1122,24.0,49.986313361519485,17.360393719563085,69.68597494428496
1123,1123,1123,22.5,49.26337344204261,16.996564927501673,71.03368627163256
1124,1124,1124,20.0,50.47576923429661,20.304498931555344,72.7108050478278
1125,1125,1125,28.5,53.10646523657108,23.17425140090061,74.71472665242074
1126,1126,1126,34.75,53.88782202371672,21.07566101415116,75.98386648568834
1127,1127,1127,29.75,53.51696809339949,20.204969414052112,75.87332052422572
1128,1128,1128,28.75,56.60609563726074,26.684091180058147,76.94702578023974
1129,1129,1129,45.75,62.5482730632721,33.677060539083065,81.04208342122399
1130,1130,1130,60.75,59.17631675486303,20.231288920274768,82.06249300696093
1131,1131,1131,25.0,53.424720507717566,17.10023615836826,78.1129419371406
1132,1132,1132,19.0,52.742911580472686,21.39694828361015,75.0635036730651
1133,1133,1133,32.0,54.02979218063593,21.470781936406908,74.28724607243413
1134,1134,1134,31.75,54.97002347826884,20.707411704283867,74.08837046140302
1135,1135,1135,31.5,55.02040637581738,20.451685666333447,74.16431532415602
1136,1136,1136,31.75,54.1409434412172,19.99439502187331,74.90393948843054
1137,1137,1137,29.5,54.74819052248319,23.376705613690767,75.76865880389225
1138,1138,1138,35.5,57.42640800829077,26.52731137136935,76.6042797399048
1139,1139,1139,43.75,60.29787365756578,27.576800994157946,78.49443445802801
1140,1140,1140,47.5,56.78557599713859,18.401955758137145,78.90690361987215
1141,1141,1141,23.25,52.3203467630254,17.208335243999745,76.7066376551079
1142,1142,1142,19.75,50.33877353558884,17.9934412172015,74.63335243999744
1143,1143,1143,21.75,48.039491640452326,16.044677036235406,72.79432165228317
1144,1144,1144,11.75,46.42226079220815,15.680912442565369,71.00542430551097
1145,1145,1145,11.499999,46.13645322230069,16.616521456019516,70.94847482964498
1146,1146,1146,15.0,47.62949136531636,19.539738345699167,72.83662655795739
1147,1147,1147,22.5,48.999250254500765,19.688601575611948,74.82838348450527
1148,1148,1148,23.5,48.10628364683548,17.202315269128828,75.73828379357465
1149,1149,1149,16.0,48.96913937470767,20.90005090015316,77.45048790777443
1150,1150,1150,25.25,50.7430766620505,23.602423489274283,79.60475847648046
1151,1151,1151,28.25,53.18435439346277,24.5059791630364,78.9582916808056
1152,1152,1152,34.0,53.31595009033631,19.234396122417163,76.9674151893394
1153,1153,1153,27.5,50.443787429954966,16.31574465548392,76.1850825866449
1154,1154,1154,16.5,47.41998450067408,16.31182121665123,75.16814338252154
1155,1155,1155,12.75,44.498719242092136,15.7139947907591,72.94917550923081
1156,1156,1156,5.75,42.7833162137623,15.925816465970266,70.69969322340123
1157,1157,1157,5.0,58.33122013628402,45.74286939295836,76.32186551354127
1158,1158,1158,84.07889,55.47780707466273,22.16606152040133,81.74180920238085
1159,1159,1159,7.0,48.20904509478434,17.25977833212579,79.11514119060503
1160,1160,1160,8.0,44.11986068949072,17.191042031603953,74.579337747737
1161,1161,1161,10.0,43.03407879893981,16.750164164457935,69.51831075689904
1162,1162,1162,7.5,43.75982143676,15.438591028733368,65.17464025972835
1163,1163,1163,9.499999,44.43185753459835,15.207600630978476,63.4303809715968
1164,1164,1164,11.0,45.21902519328302,15.62050267340444,63.0405610022286
1165,1165,1165,16.0,45.59019461283784,15.281127048616524,63.519913882443575
1166,1166,1166,16.5,45.63202628465567,15.649779891229583,64.89317250107761
1167,1167,1167,15.500001,44.74361592853802,15.72760668396966,66.02182424314682
1168,1168,1168,10.25,45.58013564202977,17.273415904692904,66.82230114548273
1169,1169,1169,17.25,46.47646257692343,16.588886799893615,67.48397745719343
1170,1170,1170,17.0,46.01146445701918,15.440115281968506,68.17004182066638
1171,1171,1171,13.0,44.525414767464255,14.886958096792831,68.44338756568871
1172,1172,1172,9.25,42.87970184432808,15.080954630079695,67.50408806185057
1173,1173,1173,6.25,42.3474531581023,15.143870887863752,65.47501536175794
1174,1174,1174,7.7500005,44.69884213615562,17.643420582004275,63.95655098727955
1175,1175,1175,19.0,43.15181131175656,14.480895934407586,62.58953612076635
1176,1176,1176,2.0,40.98901152819685,13.543185799315829,61.115401652650014
1177,1177,1177,2.0,56.67812623237983,43.28823105918175,68.73272788136137
1178,1178,1178,84.07889,70.48249722571238,47.36268285077543,85.09803507066408
1179,1179,1179,84.07889,76.98479644524336,47.77313068041124,93.14609215220521
1180,1180,1180,84.07889,61.36185744288636,18.97160092445684,85.23356337756908
1181,1181,1181,1.0,47.81638572227776,15.143366471931548,73.28930225519778
1182,1182,1182,1.75,43.02830461219586,14.503944991149794,65.55364555151004
1183,1183,1183,3.75,42.90182277575502,14.129392316369673,61.640302374423364
1184,1184,1184,3.0,42.979656905454114,13.632702202004824,59.92757733613361
1185,1185,1185,3.25,41.92658684666673,13.787753239725964,59.47382310591817
1186,1186,1186,4.5,40.69083751387144,14.678409622421746,59.46493804855233
1187,1187,1187,5.75,40.097563671047446,15.762172932123958,59.21787329071783
1188,1188,1188,5.25,40.44889028494914,16.31220824123921,58.773884552949916
1189,1189,1189,5.5,40.74926171849923,15.933641332758604,58.68674349074168
1190,1190,1190,4.0,40.93460430862918,15.37124508194466,58.69526903711584
1191,1191,1191,5.0,40.59479305189981,14.190025862780525,58.08988187495988
1192,1192,1192,4.0,40.45751854874951,13.726265854709869,57.41742757045773
1193,1193,1193,5.25,43.15382897548539,15.05705632033163,58.55663719654796
1194,1194,1194,18.0,44.47416977723158,14.842325540871448,61.179431293964434
1195,1195,1195,13.0,44.47875170813577,15.226224584315416,63.88919770353183
1196,1196,1196,11.75,43.329589497143175,14.692708438419986,65.72662903418106
1197,1197,1197,7.7500005,42.40865807019635,14.162409549052157,68.65898410631253
1198,1198,1198,7.25,42.25890706824289,16.45099782642589,75.96977218742262
1199,1199,1199,8.0,44.25826875280868,23.83422186964058,81.31340416555848
1200,1200,1200,17.0,45.89740776066839,22.91019241175014,78.43399258967139
1201,1201,1201,17.25,46.88673431954291,20.188611663930597,69.04683043370599
1202,1202,1202,19.0,47.8328058365509,17.340833386831992,61.624946119207245
1203,1203,1203,21.75,47.82402716509075,16.389387547346313,60.5118854150426
1204,1204,1204,18.5,46.16511138420903,15.043693883727542,60.19900079789429
1205,1205,1205,11.0,44.9022373139393,15.01441941726203,59.12905940185442
1206,1206,1206,11.0,44.432763649036566,15.048931555343598,58.483201573777706
1207,1207,1207,11.25,44.63520135366894,15.24952493190385,58.40958252703211
1208,1208,1208,12.75,45.31057209937911,15.640709575648634,58.7293125269404
1209,1209,1209,15.25,45.90511523611252,15.80348184561204,59.27169722204389
1210,1210,1210,16.25,46.845504278364224,16.63655318836725,60.075380375468875
1211,1211,1211,19.5,49.062333428102384,18.95691233251098,61.767789374249105
1212,1212,1212,27.0,49.04929198345516,16.444798096059134,63.26121270761301
1213,1213,1213,19.0,47.766288966130766,15.636989737428578,63.68078404578262
1214,1214,1214,15.75,44.874023038051305,14.487113090052,63.272540972330496
1215,1215,1215,6.25,43.11044186835661,14.84966800260462,61.825802709172116
1216,1216,1216,7.0,42.35372625805919,14.565729523005952,59.950343919953774
1217,1217,1217,6.25,41.50008208222897,14.245931656226784,58.383008061483714
1218,1218,1218,3.5,40.67337188293882,14.119472747782863,57.42966561809294
1219,1219,1219,3.0,40.96212157341086,14.768889918101197,57.803072810147015
1220,1220,1220,7.25,41.90944771041023,15.337827067876042,59.55774324311931
1221,1221,1221,9.75,41.55513862266937,14.980129222190632,60.844234984454815
1222,1222,1222,4.75,40.20628639819511,14.647630162238508,60.56350825866449
1223,1223,1223,1.0,39.609927364105765,14.937680328695764,59.78871804983629
1224,1224,1224,2.75,40.488762988710256,15.347653090235424,59.21647926850519
1225,1225,1225,7.25,40.6743660408852,14.541211240221209,58.37036648110274
1226,1226,1226,4.0,39.83791602850408,14.043611342938636,57.39960609701294
1227,1227,1227,1.0,56.21720379320781,44.289142676339225,64.26547364656034
1228,1228,1228,84.07889,53.16319827214616,20.50841503342902,70.3093816777791
1229,1229,1229,2.0,45.69121720150041,15.047720039986428,67.72242128818658
1230,1230,1230,2.75,41.63919449361226,14.423409943413704,64.32788181993268
1231,1231,1231,5.0,40.89626869778149,14.894259288131552,62.78604923099498
1232,1232,1232,4.0,40.77024542127901,14.47131570017517,61.60595806927923
1233,1233,1233,1.0,57.440568339187614,44.92270009262911,66.87677806616102
1234,1234,1234,84.07889,54.64426249805112,19.9626956904537,70.58525867366123
1235,1235,1235,6.0,47.37391206654622,14.918491429514752,66.03933022735401
1236,1236,1236,8.0,44.04521080000367,15.011254436567404,61.614263506882985
1237,1237,1237,12.499999,43.20166227977659,15.27235296275576,59.47150462686978
1238,1238,1238,7.25,43.02993708557646,14.264961893669122,57.615459431202254
1239,1239,1239,5.0,42.57667810009446,13.58439107825784,56.292356264387315
1240,1240,1240,5.25,41.54647367407394,13.26686950301274,55.88615286554106
1241,1241,1241,4.75,39.860308427414544,12.994694920073004,55.461394297348605
1242,1242,1242,1.0,39.73430716178912,13.93540312004182,54.722555187688585
1243,1243,1243,5.0,40.34870044113466,14.051971807734988,54.40966323358126
1244,1244,1244,5.25,40.95135091757844,14.780756532186322,55.05639415978062
1245,1245,1245,5.75,41.11798059374341,14.188312682850777,56.51553922063153
1246,1246,1246,5.75,41.664341920632445,13.836023093078497,58.46757385107807
1247,1247,1247,9.0,42.627739666351786,14.007471317075854,61.44017948035988
1248,1248,1248,11.499999,42.88445619376909,15.917182699450644,66.18372158074781
1249,1249,1249,9.25,42.56585241706944,16.719414969230627,64.76729229527592
1250,1250,1250,7.7500005,42.79764896319598,15.122667076313546,59.10569852435412
1251,1251,1251,10.25,43.26837357961059,14.905140915469062,58.48105918174564
1252,1252,1252,11.0,43.64544925117162,14.275111659344994,60.46965387895852
1253,1253,1253,11.25,43.85077038069646,14.705895705127617,63.18668387794969
1254,1254,1254,11.499999,43.50492080669864,16.612453112246303,67.52539459082696
1255,1255,1255,9.499999,42.933999009510536,18.047155094142354,65.97359107458936
1256,1256,1256,8.25,42.81400304483799,15.04583994423911,59.93940451406403
1257,1257,1257,9.25,43.30046910681696,15.36896145345158,58.238954208204554
1258,1258,1258,11.25,44.950774966295846,16.510918770692516,58.711630455716865
1259,1259,1259,17.25,47.72055036363803,18.50255647165641,59.83375230426369
1260,1260,1260,25.0,50.07572521254253,19.19654108238488,61.74139833267606
1261,1261,1261,27.75,51.011352568394216,18.594789383420306,63.31667278079918
1262,1262,1262,26.5,50.91055375698158,17.858114676669388,63.935024349532725
1263,1263,1263,24.75,50.48412969909297,17.376292909746233,64.21823830442877
1264,1264,1264,23.25,49.40824536625183,16.365874427946476,64.12932903509818
1265,1265,1265,18.75,47.90891944936123,15.531579647275697,63.30984207195723
1266,1266,1266,15.0,48.79214624393555,17.70907902821978,63.26147683813751
1267,1267,1267,24.0,48.370766345369006,15.888374129882516,63.77849766592991
1268,1268,1268,16.75,47.353075102946704,15.834462155048286,63.63858919449361
1269,1269,1269,15.500001,46.35699487329989,15.788818933022736,62.89245714757376
1270,1270,1270,14.25,45.7104583765144,15.786135440263395,62.06533241009932
1271,1271,1271,13.499999,44.53966314186928,15.07145051679705,61.33128433467539
1272,1272,1272,9.0,43.694115300310905,15.094094206553738,60.64411209039133
1273,1273,1273,9.0,43.10198235461357,14.896705246842815,60.04000155910379
1274,1274,1274,8.25,42.45594477104103,14.665247117950788,59.43401276630868
1275,1275,1275,6.75,42.99965745572604,15.304212790153802,59.26564423085742
1276,1276,1276,11.499999,44.67997514605134,16.16677687390519,60.23550950594752
1277,1277,1277,16.75,44.62162431101369,15.027876317213424,61.51847950695635
1278,1278,1278,10.75,44.6764203894091,15.501932830140229,62.842551152361125
1279,1279,1279,13.75,44.88963608683291,15.704638333776607,64.7227716279795
1280,1280,1280,14.0,44.04963498628906,15.30867366123426,66.22787540009355
1281,1281,1281,8.75,43.58092436512376,15.8228936049231,66.67303805130369
1282,1282,1282,10.0,42.82807166374717,15.413598594972347,66.0391101185836
1283,1283,1283,7.0,44.56278923668113,17.631809844364756,65.70658446215505
1284,1284,1284,18.0,46.17328475655053,17.222515751533884,66.15785880022378
1285,1285,1285,18.0,47.93947421517466,18.39084026523107,66.75027421884315
1286,1286,1286,23.0,48.79938415400277,17.777881361372746,67.35092904243514
1287,1287,1287,22.25,48.4371071287728,16.938518576263103,67.8058571860928
1288,1288,1288,19.0,47.49535708062401,16.49132358740611,67.1348996212295
1289,1289,1289,16.25,46.71347570090887,15.949309408732816,65.49595504278365
1290,1290,1290,15.0,45.60387070443978,15.225602777038986,63.809400937296516
1291,1291,1291,11.25,45.61360684905124,15.819879949008136,62.56924942909288
1292,1292,1292,15.0,44.65425543622807,14.795498317085029,61.33628080376386
1293,1293,1293,9.25,45.80781248567,16.720842007758833,60.94389289874079
1294,1294,1294,19.25,47.0754188945037,16.69563221658703,61.87319946440199
1295,1295,1295,19.5,47.32675376248429,16.196088025165768,62.78555031778204
1296,1296,1296,17.5,46.7172872511166,15.810330896851529,63.38375459706338
1297,1297,1297,15.25,45.66477480121426,15.515883140585306,63.576980749653785
1298,1298,1298,12.499999,44.602130010913726,15.152212093142694,62.756870144996654
1299,1299,1299,10.25,43.69048717407853,14.661331016077112,61.559925988425945
1300,1300,1300,8.499999,43.33179792180636,14.91977723158194,60.77936892981282
1301,1301,1301,9.25,42.77406430844576,14.596027495253905,59.94808413657749
1302,1302,1302,7.25,42.6671391362565,14.762016104625037,59.547860359327565
1303,1303,1303,9.0,43.26293322450177,15.281785540688023,60.25713886112054
1304,1304,1304,11.75,43.5614850922164,15.242388822142942,61.86522418995387
1305,1305,1305,10.75,43.46534158129809,15.41551078991535,63.238079275842146
1306,1306,1306,10.0,43.734090721498205,15.855530232856736,63.9645409356457
1307,1307,1307,12.0,44.85090061171896,16.651749864724817,64.55242945055348
1308,1308,1308,16.0,44.62997743885104,15.508457220943349,64.23698423470933
