,PM,Date
0,None,01-01-2019
1,None,02-01-2019
2,None,03-01-2019
3,None,04-01-2019
4,None,05-01-2019
5,None,06-01-2019
6,None,07-01-2019
7,None,08-01-2019
8,None,09-01-2019
9,74.02,10-01-2019
10,85.38,11-01-2019
11,120.97,12-01-2019
12,66.59,13-01-2019
13,36.39,14-01-2019
14,94.85,15-01-2019
15,86.38,16-01-2019
16,109.01,17-01-2019
17,78.85,18-01-2019
18,84.35,19-01-2019
19,87.34,20-01-2019
20,76.76,21-01-2019
21,21.06,22-01-2019
22,27.48,23-01-2019
23,37.32,24-01-2019
24,34.16,25-01-2019
25,46.62,26-01-2019
26,52.01,27-01-2019
27,51.85,28-01-2019
28,49.06,29-01-2019
29,77.72,30-01-2019
30,116.79,31-01-2019
31,139.82,01-02-2019
32,117.4,02-02-2019
33,79.8,03-02-2019
34,102.38,04-02-2019
35,118.78,05-02-2019
36,148.07,06-02-2019
37,71.23,07-02-2019
38,48.36,08-02-2019
39,46.54,09-02-2019
40,68.05,10-02-2019
41,93.38,11-02-2019
42,98.3,12-02-2019
43,134.28,13-02-2019
44,108.65,14-02-2019
45,111.35,15-02-2019
46,73.62,16-02-2019
47,68.4,17-02-2019
48,76.2,18-02-2019
49,72.45,19-02-2019
50,79.08,20-02-2019
51,48.88,21-02-2019
52,45.24,22-02-2019
53,44.96,23-02-2019
54,59.56,24-02-2019
55,59.78,25-02-2019
56,34.63,26-02-2019
57,24.25,27-02-2019
58,57.72,28-02-2019
59,65.67,01-03-2019
60,63.04,02-03-2019
61,57.4,03-03-2019
62,47.53,04-03-2019
63,42.12,05-03-2019
64,52.67,06-03-2019
65,60.78,07-03-2019
66,52.68,08-03-2019
67,44.75,09-03-2019
68,47.71,10-03-2019
69,56.37,11-03-2019
70,55.76,12-03-2019
71,64.03,13-03-2019
72,53.26,14-03-2019
73,47.43,15-03-2019
74,54.14,16-03-2019
75,64.84,17-03-2019
76,74.07,18-03-2019
77,68.57,19-03-2019
78,94.84,20-03-2019
79,46.28,21-03-2019
80,30.25,22-03-2019
81,40.88,23-03-2019
82,40.28,24-03-2019
83,53.72,25-03-2019
84,65.27,26-03-2019
85,68.01,27-03-2019
86,93.86,28-03-2019
87,83.27,29-03-2019
88,74.78,30-03-2019
89,55.04,31-03-2019
90,53.32,01-04-2019
91,56.46,02-04-2019
92,64.22,03-04-2019
93,71.23,04-04-2019
94,74.24,05-04-2019
95,81.18,06-04-2019
96,101.44,07-04-2019
97,120.6,08-04-2019
98,70.7,09-04-2019
99,58.46,10-04-2019
100,50.88,11-04-2019
101,44.62,12-04-2019
102,45.56,13-04-2019
103,36.29,14-04-2019
104,44.33,15-04-2019
105,33.34,16-04-2019
106,22.5,17-04-2019
107,26.07,18-04-2019
108,36.14,19-04-2019
109,69.78,20-04-2019
110,70.11,21-04-2019
111,56.21,22-04-2019
112,62.44,23-04-2019
113,85.73,24-04-2019
114,75.55,25-04-2019
115,65.08,26-04-2019
116,60.09,27-04-2019
117,69.15,28-04-2019
118,69.84,29-04-2019
119,68.4,30-04-2019
120,60.98,01-05-2019
121,58,02-05-2019
122,36.51,03-05-2019
123,49.77,04-05-2019
124,95.22,05-05-2019
125,149.49,06-05-2019
126,122.52,07-05-2019
127,135.61,08-05-2019
128,168.06,09-05-2019
129,87.45,10-05-2019
130,71.91,11-05-2019
131,200.16,12-05-2019
132,135.13,13-05-2019
133,57.55,14-05-2019
134,53.06,15-05-2019
135,79.67,16-05-2019
136,80.93,17-05-2019
137,39.17,18-05-2019
138,62.33,19-05-2019
139,68.62,20-05-2019
140,67.24,21-05-2019
141,74.31,22-05-2019
142,83.75,23-05-2019
143,30.06,24-05-2019
144,32.37,25-05-2019
145,38.13,26-05-2019
146,49.06,27-05-2019
147,41.42,28-05-2019
148,59.18,29-05-2019
149,74.74,30-05-2019
150,83.36,31-05-2019
151,81.01,01-06-2019
152,79.87,02-06-2019
153,80.93,03-06-2019
154,55.93,04-06-2019
155,70.88,05-06-2019
156,59.71,06-06-2019
157,52.92,07-06-2019
158,63.64,08-06-2019
159,60.3,09-06-2019
160,69.45,10-06-2019
161,91.71,11-06-2019
162,50.64,12-06-2019
163,54.25,13-06-2019
164,50.83,14-06-2019
165,61.69,15-06-2019
166,46.04,16-06-2019
167,42.36,17-06-2019
168,32.95,18-06-2019
169,69.4,19-06-2019
170,43.45,20-06-2019
171,53.05,21-06-2019
172,63.91,22-06-2019
173,54.97,23-06-2019
174,25.55,24-06-2019
175,35.95,25-06-2019
176,51.39,26-06-2019
177,57.5,27-06-2019
178,60.02,28-06-2019
179,87.78,29-06-2019
180,63.13,30-06-2019
181,58.68,01-07-2019
182,53.58,02-07-2019
183,47.69,03-07-2019
184,28.88,04-07-2019
185,44.59,05-07-2019
186,37.82,06-07-2019
187,35.62,07-07-2019
188,43.37,08-07-2019
189,54.87,09-07-2019
190,73.32,10-07-2019
191,127.6,11-07-2019
192,182.18,12-07-2019
193,122,13-07-2019
194,75.95,14-07-2019
195,33.83,15-07-2019
196,33.3,16-07-2019
197,20.15,17-07-2019
198,18.08,18-07-2019
199,40.72,19-07-2019
200,43.41,20-07-2019
201,46.73,21-07-2019
202,39.14,22-07-2019
203,56.92,23-07-2019
204,37.24,24-07-2019
205,16.69,25-07-2019
206,38.29,26-07-2019
207,17.64,27-07-2019
208,19.3,28-07-2019
209,19.18,29-07-2019
210,23.57,30-07-2019
211,28.62,31-07-2019
212,37.64,01-08-2019
213,28.57,02-08-2019
214,34.32,03-08-2019
215,38.21,04-08-2019
216,49.51,05-08-2019
217,24.04,06-08-2019
218,27.38,07-08-2019
219,33.34,08-08-2019
220,19.52,09-08-2019
221,18.95,10-08-2019
222,33.57,11-08-2019
223,28.34,12-08-2019
224,24.63,13-08-2019
225,29.81,14-08-2019
226,40.42,15-08-2019
227,21.85,16-08-2019
228,17.12,17-08-2019
229,11.55,18-08-2019
230,29.66,19-08-2019
231,31.42,20-08-2019
232,46.46,21-08-2019
233,34.45,22-08-2019
234,48.63,23-08-2019
235,48.83,24-08-2019
236,42.94,25-08-2019
237,29.23,26-08-2019
238,32.85,27-08-2019
239,32.82,28-08-2019
240,40.91,29-08-2019
241,34.55,30-08-2019
242,63.53,31-08-2019
243,38,01-09-2019
244,36.96,02-09-2019
245,53.25,03-09-2019
246,65.32,04-09-2019
247,36.66,05-09-2019
248,32.14,06-09-2019
249,41.54,07-09-2019
250,37.13,08-09-2019
251,53.7,09-09-2019
252,63.73,10-09-2019
253,64.76,11-09-2019
254,68.52,12-09-2019
255,44.22,13-09-2019
256,48.08,14-09-2019
257,37.08,15-09-2019
258,52.15,16-09-2019
259,57.06,17-09-2019
260,47.61,18-09-2019
261,34.57,19-09-2019
262,35.08,20-09-2019
263,42.04,21-09-2019
264,29.23,22-09-2019
265,27.11,23-09-2019
266,32.51,24-09-2019
267,35.93,25-09-2019
268,26.15,26-09-2019
269,17.82,27-09-2019
270,20.13,28-09-2019
271,18.7,29-09-2019
272,26.17,30-09-2019
273,40.92,01-10-2019
274,47.3,02-10-2019
275,61.04,03-10-2019
276,34.48,04-10-2019
277,36.87,05-10-2019
278,57.08,06-10-2019
279,50.31,07-10-2019
280,41.29,08-10-2019
281,61.66,09-10-2019
282,70.13,10-10-2019
283,72.72,11-10-2019
284,96.98,12-10-2019
285,109.18,13-10-2019
286,102.06,14-10-2019
287,113.72,15-10-2019
288,149.43,16-10-2019
289,117.86,17-10-2019
290,90.67,18-10-2019
291,92.24,19-10-2019
292,89.51,20-10-2019
293,96.65,21-10-2019
294,95.28,22-10-2019
295,129.86,23-10-2019
296,151.35,24-10-2019
297,132.73,25-10-2019
298,148.49,26-10-2019
299,203.57,27-10-2019
300,198.32,28-10-2019
301,266.44,29-10-2019
302,238.38,30-10-2019
303,356.41,31-10-2019
304,393.69,01-11-2019
305,523.6,02-11-2019
306,670.23,03-11-2019
307,408.63,04-11-2019
308,200.62,05-11-2019
309,97.4,06-11-2019
310,99.74,07-11-2019
311,97.48,08-11-2019
312,111.75,09-11-2019
313,152.68,10-11-2019
314,279.42,11-11-2019
315,356.85,12-11-2019
316,319.17,13-11-2019
317,255.81,14-11-2019
318,365.16,15-11-2019
319,173.39,16-11-2019
320,98.38,17-11-2019
321,127.91,18-11-2019
322,134.61,19-11-2019
323,173.14,20-11-2019
324,196.81,21-11-2019
325,169.45,22-11-2019
326,100.97,23-11-2019
327,94.77,24-11-2019
328,95.18,25-11-2019
329,68.71,26-11-2019
330,47.81,27-11-2019
331,32.39,28-11-2019
332,41.42,29-11-2019
333,73.34,30-11-2019
334,106.22,01-12-2019
335,118.18,02-12-2019
336,127.64,03-12-2019
337,131.6,04-12-2019
338,171.03,05-12-2019
339,178.18,06-12-2019
340,164.97,07-12-2019
341,139.35,08-12-2019
342,147.67,09-12-2019
343,165.66,10-12-2019
344,210.12,11-12-2019
345,217.03,12-12-2019
346,72.62,13-12-2019
347,67.45,14-12-2019
348,75.29,15-12-2019
349,63.87,16-12-2019
350,73.97,17-12-2019
351,93.12,18-12-2019
352,121,19-12-2019
353,161.36,20-12-2019
354,121.41,21-12-2019
355,103.74,22-12-2019
356,113.38,23-12-2019
357,153.59,24-12-2019
358,114.93,25-12-2019
359,145.95,26-12-2019
360,146.79,27-12-2019
361,137.81,28-12-2019
362,154.38,29-12-2019
363,95.64,30-12-2019
364,168.93,31-12-2019
365,149.78,01-01-2020
366,121.8,02-01-2020
367,109.03,03-01-2020
368,134.97,04-01-2020
369,128.34,05-01-2020
370,114.27,06-01-2020
371,59.46,07-01-2020
372,71.53,08-01-2020
373,57.91,09-01-2020
374,83.35,10-01-2020
375,90.23,11-01-2020
376,105.94,12-01-2020
377,108.8,13-01-2020
378,46.29,14-01-2020
379,60.79,15-01-2020
380,78.87,16-01-2020
381,78.02,17-01-2020
382,91.9,18-01-2020
383,74.39,19-01-2020
384,98.25,20-01-2020
385,133.29,21-01-2020
386,66.56,22-01-2020
387,56.49,23-01-2020
388,59.27,24-01-2020
389,92.37,25-01-2020
390,124.25,26-01-2020
391,115.27,27-01-2020
392,64.67,28-01-2020
393,49.08,29-01-2020
394,56.24,30-01-2020
395,60.41,31-01-2020
396,71.57,01-02-2020
397,80.28,02-02-2020
398,92.4,03-02-2020
399,93.57,04-02-2020
400,91.03,05-02-2020
401,89.82,06-02-2020
402,92.69,07-02-2020
403,101.66,08-02-2020
404,99.53,09-02-2020
405,106.77,10-02-2020
406,129.87,11-02-2020
407,107.68,12-02-2020
408,61.7,13-02-2020
409,59.14,14-02-2020
410,57.68,15-02-2020
411,91.11,16-02-2020
412,84.07,17-02-2020
413,72.16,18-02-2020
414,97.97,19-02-2020
415,93.21,20-02-2020
416,32.75,21-02-2020
417,43.16,22-02-2020
418,62.58,23-02-2020
419,67.55,24-02-2020
420,89.48,25-02-2020
421,100.33,26-02-2020
422,99.72,27-02-2020
423,92.32,28-02-2020
424,61.15,29-02-2020
425,25.88,01-03-2020
426,64.75,02-03-2020
427,63.16,03-03-2020
428,70.83,04-03-2020
429,29.14,05-03-2020
430,16.22,06-03-2020
431,23.33,07-03-2020
432,46.72,08-03-2020
433,46.18,09-03-2020
434,54.85,10-03-2020
435,48.61,11-03-2020
436,41.91,12-03-2020
437,57.65,13-03-2020
438,58.22,14-03-2020
439,48.32,15-03-2020
440,57.55,16-03-2020
441,73.02,17-03-2020
442,80.25,18-03-2020
443,73.36,19-03-2020
444,73.33,20-03-2020
445,73.39,21-03-2020
446,70.42,22-03-2020
447,44.71,23-03-2020
448,52.03,24-03-2020
449,41.22,25-03-2020
450,42.21,26-03-2020
451,24.29,27-03-2020
452,16.43,28-03-2020
453,32.34,29-03-2020
454,35.67,30-03-2020
455,33,31-03-2020
456,34.99,01-04-2020
457,34.97,02-04-2020
458,30.62,03-04-2020
459,41.13,04-04-2020
460,49.48,05-04-2020
461,52.86,06-04-2020
462,37.8,07-04-2020
463,34.09,08-04-2020
464,44.21,09-04-2020
465,51.4,10-04-2020
466,48.4,11-04-2020
467,42.43,12-04-2020
468,58.44,13-04-2020
469,70.21,14-04-2020
470,122.3,15-04-2020
471,68,16-04-2020
472,45.82,17-04-2020
473,35.01,18-04-2020
474,20.06,19-04-2020
475,26.93,20-04-2020
476,29.46,21-04-2020
477,30.36,22-04-2020
478,30.46,23-04-2020
479,30.2,24-04-2020
480,30.1,25-04-2020
481,34.49,26-04-2020
482,40.13,27-04-2020
483,40.2,28-04-2020
484,38.99,29-04-2020
485,39.6,30-04-2020
486,40.62,01-05-2020
487,39.39,02-05-2020
488,40.71,03-05-2020
489,27.5,04-05-2020
490,26.46,05-05-2020
491,30.86,06-05-2020
492,29.78,07-05-2020
493,None,08-05-2020
494,None,09-05-2020
495,30.64,10-05-2020
496,31.15,11-05-2020
497,29.76,12-05-2020
498,30.04,13-05-2020
499,30.48,14-05-2020
500,29.58,15-05-2020
501,30.91,16-05-2020
502,30.31,17-05-2020
503,35.44,18-05-2020
504,30.81,19-05-2020
505,29.83,20-05-2020
506,50.34,21-05-2020
507,65.54,22-05-2020
508,61.18,23-05-2020
509,71.2,24-05-2020
510,79.15,25-05-2020
511,79.53,26-05-2020
512,57.78,27-05-2020
513,84.33,28-05-2020
514,46.94,29-05-2020
515,42.85,30-05-2020
516,16.77,31-05-2020
517,21.29,01-06-2020
518,30.53,02-06-2020
519,30.85,03-06-2020
520,29.84,04-06-2020
521,30.47,05-06-2020
522,29.96,06-06-2020
523,28.99,07-06-2020
524,30.35,08-06-2020
525,29.27,09-06-2020
526,30.33,10-06-2020
527,29.66,11-06-2020
528,49.03,12-06-2020
529,84.15,13-06-2020
530,53.85,14-06-2020
531,73.59,15-06-2020
532,60.34,16-06-2020
533,52.47,17-06-2020
534,51.05,18-06-2020
535,81.72,19-06-2020
536,47.34,20-06-2020
537,42.79,21-06-2020
538,39.25,22-06-2020
539,36.47,23-06-2020
540,33.21,24-06-2020
541,32.16,25-06-2020
542,37.19,26-06-2020
543,49.27,27-06-2020
544,84.99,28-06-2020
545,73.27,29-06-2020
546,49.98,30-06-2020
547,55.14,01-07-2020
548,69.82,02-07-2020
549,74.57,03-07-2020
550,59.92,04-07-2020
551,40.39,05-07-2020
552,51.91,06-07-2020
553,26.38,07-07-2020
554,26.58,08-07-2020
555,23.5,09-07-2020
556,38.6,10-07-2020
557,22.63,11-07-2020
558,18.98,12-07-2020
559,35.38,13-07-2020
560,48.81,14-07-2020
561,47.23,15-07-2020
562,36.55,16-07-2020
563,51.8,17-07-2020
564,36.93,18-07-2020
565,23.61,19-07-2020
566,16.63,20-07-2020
567,24.07,21-07-2020
568,24.76,22-07-2020
569,32.97,23-07-2020
570,50.81,24-07-2020
571,39.61,25-07-2020
572,38.79,26-07-2020
573,37.09,27-07-2020
574,26.89,28-07-2020
575,24.71,29-07-2020
576,23.97,30-07-2020
577,34.34,31-07-2020
578,24.85,01-08-2020
579,26.91,02-08-2020
580,33.09,03-08-2020
581,23.31,04-08-2020
582,34.61,05-08-2020
583,18.93,06-08-2020
584,18.46,07-08-2020
585,39.99,08-08-2020
586,27.83,09-08-2020
587,41.49,10-08-2020
588,31.71,11-08-2020
589,24.5,12-08-2020
590,18.46,13-08-2020
591,17.67,14-08-2020
592,32.56,15-08-2020
593,31.29,16-08-2020
594,29.27,17-08-2020
595,33.96,18-08-2020
596,17.07,19-08-2020
597,19.1,20-08-2020
598,17.25,21-08-2020
599,17.19,22-08-2020
600,22.15,23-08-2020
601,16.29,24-08-2020
602,25.01,25-08-2020
603,12.81,26-08-2020
604,20.2,27-08-2020
605,15.07,28-08-2020
606,36.83,29-08-2020
607,27.72,30-08-2020
608,13.76,31-08-2020
609,19.35,01-09-2020
610,14.66,02-09-2020
611,35.95,03-09-2020
612,45.22,04-09-2020
613,43.1,05-09-2020
614,25.32,06-09-2020
615,35.46,07-09-2020
616,33.91,08-09-2020
617,50.89,09-09-2020
618,54.07,10-09-2020
619,55.47,11-09-2020
620,52.82,12-09-2020
621,73.01,13-09-2020
622,59.27,14-09-2020
623,70.76,15-09-2020
624,55.27,16-09-2020
625,50.61,17-09-2020
626,46.29,18-09-2020
627,58.33,19-09-2020
628,59.7,20-09-2020
629,58.05,21-09-2020
630,64.41,22-09-2020
631,39.8,23-09-2020
632,41.22,24-09-2020
633,70.14,25-09-2020
634,70.17,26-09-2020
635,38.5,27-09-2020
636,69.31,28-09-2020
637,76.73,29-09-2020
638,68.2,30-09-2020
639,69.52,01-10-2020
640,88.38,02-10-2020
641,85.62,03-10-2020
642,82.38,04-10-2020
643,83.07,05-10-2020
644,84.87,06-10-2020
645,106.87,07-10-2020
646,89.74,08-10-2020
647,95.47,09-10-2020
648,114.91,10-10-2020
649,112.64,11-10-2020
650,136.94,12-10-2020
651,153.64,13-10-2020
652,160.17,14-10-2020
653,117.01,15-10-2020
654,126.72,16-10-2020
655,136.94,17-10-2020
656,122.33,18-10-2020
657,134.85,19-10-2020
658,132.61,20-10-2020
659,110.98,21-10-2020
660,142.69,22-10-2020
661,155.89,23-10-2020
662,182.1,24-10-2020
663,193.47,25-10-2020
664,179.38,26-10-2020
665,155.1,27-10-2020
666,211.42,28-10-2020
667,269.74,29-10-2020
668,278.18,30-10-2020
669,283.08,31-10-2020
670,277.05,01-11-2020
671,230.37,02-11-2020
672,163.43,03-11-2020
673,298.67,04-11-2020
674,276.6,05-11-2020
675,326.88,06-11-2020
676,355.47,07-11-2020
677,384.99,08-11-2020
678,517.29,09-11-2020
679,406.43,10-11-2020
680,194.73,11-11-2020
681,167.25,12-11-2020
682,250.72,13-11-2020
683,429.65,14-11-2020
684,324.97,15-11-2020
685,57.27,16-11-2020
686,58.04,17-11-2020
687,92.36,18-11-2020
688,130.98,19-11-2020
689,115.87,20-11-2020
690,116.93,21-11-2020
691,123.72,22-11-2020
692,144.33,23-11-2020
693,164.23,24-11-2020
694,211.05,25-11-2020
695,61.95,26-11-2020
696,59.57,27-11-2020
697,105.57,28-11-2020
698,159.55,29-11-2020
699,199.12,30-11-2020
700,187.49,01-12-2020
701,187.69,02-12-2020
702,161.99,03-12-2020
703,221.02,04-12-2020
704,210.71,05-12-2020
705,250.71,06-12-2020
706,208.21,07-12-2020
707,163.84,08-12-2020
708,135.34,09-12-2020
709,71.25,10-12-2020
710,74.55,11-12-2020
711,115.64,12-12-2020
712,51.24,13-12-2020
713,43.17,14-12-2020
714,60.57,15-12-2020
715,89.09,16-12-2020
716,102.81,17-12-2020
717,109.46,18-12-2020
718,113.66,19-12-2020
719,124.62,20-12-2020
720,169.17,21-12-2020
721,197.58,22-12-2020
722,218.3,23-12-2020
723,189.49,24-12-2020
724,190.75,25-12-2020
725,212.78,26-12-2020
726,189.93,27-12-2020
727,108.81,28-12-2020
728,101.87,29-12-2020
729,126.65,30-12-2020
730,166.78,31-12-2020
731,153.51,01-01-2021
732,171.64,02-01-2021
733,132.96,03-01-2021
734,44.61,04-01-2021
735,34.05,05-01-2021
736,76.46,06-01-2021
737,84.51,07-01-2021
738,67.59,08-01-2021
739,102.22,09-01-2021
740,87.74,10-01-2021
741,94,11-01-2021
742,121.17,12-01-2021
743,122.36,13-01-2021
744,110.91,14-01-2021
745,126.12,15-01-2021
746,94.79,16-01-2021
747,120.34,17-01-2021
748,160.87,18-01-2021
749,129.59,19-01-2021
750,100.07,20-01-2021
751,103.91,21-01-2021
752,126.43,22-01-2021
753,132.73,23-01-2021
754,133.64,24-01-2021
755,114.37,25-01-2021
756,133.6,26-01-2021
757,124.45,27-01-2021
758,139.23,28-01-2021
759,131.78,29-01-2021
760,104.08,30-01-2021
761,120.19,31-01-2021
762,121.84,01-02-2021
763,125.48,02-02-2021
764,152.22,03-02-2021
765,49.15,04-02-2021
766,32.94,05-02-2021
767,59.16,06-02-2021
768,90.48,07-02-2021
769,131.28,08-02-2021
770,112.96,09-02-2021
771,122.17,10-02-2021
772,123.1,11-02-2021
773,165.89,12-02-2021
774,82.1,13-02-2021
775,93.05,14-02-2021
776,90.23,15-02-2021
777,97.92,16-02-2021
778,80.69,17-02-2021
779,83.21,18-02-2021
780,89.2,19-02-2021
781,81.43,20-02-2021
782,121.98,21-02-2021
783,108.39,22-02-2021
784,91.9,23-02-2021
785,95.55,24-02-2021
786,98.68,25-02-2021
787,85.44,26-02-2021
788,57.03,27-02-2021
789,48.08,28-02-2021
790,74.15,01-03-2021
791,64.16,02-03-2021
792,67.43,03-03-2021
793,77.45,04-03-2021
794,73.6,05-03-2021
795,74.69,06-03-2021
796,84.87,07-03-2021
797,104.08,08-03-2021
798,130.91,09-03-2021
799,86.66,10-03-2021
800,95.66,11-03-2021
801,74.36,12-03-2021
802,59.95,13-03-2021
803,51.08,14-03-2021
804,66.17,15-03-2021
805,82.41,16-03-2021
806,97.79,17-03-2021
807,92.94,18-03-2021
808,70.54,19-03-2021
809,89.69,20-03-2021
810,82.03,21-03-2021
811,44.94,22-03-2021
812,35.21,23-03-2021
813,54.07,24-03-2021
814,36.94,25-03-2021
815,44.32,26-03-2021
816,65.25,27-03-2021
817,68.85,28-03-2021
818,99.5,29-03-2021
819,76.48,30-03-2021
820,58.94,31-03-2021
821,47.89,01-04-2021
822,43.66,02-04-2021
823,52.29,03-04-2021
824,56.53,04-04-2021
825,52.6,05-04-2021
826,105.6,06-04-2021
827,55.4,07-04-2021
828,42.06,08-04-2021
829,42.96,09-04-2021
830,41.15,10-04-2021
831,68.43,11-04-2021
832,110.19,12-04-2021
833,135.05,13-04-2021
834,105.5,14-04-2021
835,115.35,15-04-2021
836,96.63,16-04-2021
837,45.85,17-04-2021
838,81.65,18-04-2021
839,83.05,19-04-2021
840,84.35,20-04-2021
841,57.2,21-04-2021
842,71.58,22-04-2021
843,50.89,23-04-2021
844,65.89,24-04-2021
845,94.61,25-04-2021
846,131.47,26-04-2021
847,189.25,27-04-2021
848,204.03,28-04-2021
849,164.45,29-04-2021
850,175.75,30-04-2021
851,108.19,01-05-2021
852,122.06,02-05-2021
853,142.78,03-05-2021
854,126.41,04-05-2021
855,93.14,05-05-2021
856,112.92,06-05-2021
857,48.61,07-05-2021
858,72.58,08-05-2021
859,88.23,09-05-2021
860,55.18,10-05-2021
861,74.99,11-05-2021
862,55.77,12-05-2021
863,41.96,13-05-2021
864,45.35,14-05-2021
865,48.76,15-05-2021
866,49.63,16-05-2021
867,63.22,17-05-2021
868,41.87,18-05-2021
869,32.43,19-05-2021
870,25.14,20-05-2021
871,37.41,21-05-2021
872,22.49,22-05-2021
873,117.91,23-05-2021
874,47.71,24-05-2021
875,45.6,25-05-2021
876,50.36,26-05-2021
877,56.36,27-05-2021
878,56.84,28-05-2021
879,38.98,29-05-2021
880,38.45,30-05-2021
881,52.13,31-05-2021
882,35.42,01-06-2021
883,48.82,02-06-2021
884,46.35,03-06-2021
885,51.69,04-06-2021
886,38.07,05-06-2021
887,46.79,06-06-2021
888,64.16,07-06-2021
889,100.99,08-06-2021
890,134.93,09-06-2021
891,79.3,10-06-2021
892,49.71,11-06-2021
893,61.21,12-06-2021
894,32.92,13-06-2021
895,48.42,14-06-2021
896,54.34,15-06-2021
897,42.08,16-06-2021
898,41.34,17-06-2021
899,33.78,18-06-2021
900,22.48,19-06-2021
901,18.32,20-06-2021
902,25.61,21-06-2021
903,55.13,22-06-2021
904,155.34,23-06-2021
905,67.05,24-06-2021
906,53.19,25-06-2021
907,41.35,26-06-2021
908,48.49,27-06-2021
909,50.8,28-06-2021
910,67.72,29-06-2021
911,133.18,30-06-2021
912,86.41,01-07-2021
913,72.83,02-07-2021
914,38.84,03-07-2021
915,45.34,04-07-2021
916,58.57,05-07-2021
917,54.64,06-07-2021
918,100.28,07-07-2021
919,132.61,08-07-2021
920,54.85,09-07-2021
921,97.66,10-07-2021
922,77.32,11-07-2021
923,40.38,12-07-2021
924,22.9,13-07-2021
925,26.17,14-07-2021
926,32.89,15-07-2021
927,43.54,16-07-2021
928,66.39,17-07-2021
929,48.9,18-07-2021
930,16.5,19-07-2021
931,24.51,20-07-2021
932,19.73,21-07-2021
933,22.65,22-07-2021
934,25.96,23-07-2021
935,35.38,24-07-2021
936,45.38,25-07-2021
937,38.53,26-07-2021
938,30.15,27-07-2021
939,20.69,28-07-2021
940,19.44,29-07-2021
941,15.01,30-07-2021
942,19.13,31-07-2021
943,20.74,01-08-2021
944,18.26,02-08-2021
945,17.27,03-08-2021
946,26.66,04-08-2021
947,21.99,05-08-2021
948,34.99,06-08-2021
949,35.25,07-08-2021
950,30.82,08-08-2021
951,31.18,09-08-2021
952,45.96,10-08-2021
953,45.16,11-08-2021
954,40.86,12-08-2021
955,64.68,13-08-2021
956,63.25,14-08-2021
957,53.35,15-08-2021
958,45.61,16-08-2021
959,50.26,17-08-2021
960,56.55,18-08-2021
961,67.64,19-08-2021
962,49.7,20-08-2021
963,26.12,21-08-2021
964,None,22-08-2021
965,31.84,23-08-2021
966,42.83,24-08-2021
967,41.02,25-08-2021
968,38.91,26-08-2021
969,41.36,27-08-2021
970,47.03,28-08-2021
971,63.22,29-08-2021
972,29.62,30-08-2021
973,21.19,31-08-2021
974,20.57,01-09-2021
975,23.5,02-09-2021
976,16.07,03-09-2021
977,22.69,04-09-2021
978,30.99,05-09-2021
979,41.93,06-09-2021
980,49.12,07-09-2021
981,23.01,08-09-2021
982,19.46,09-09-2021
983,24.89,10-09-2021
984,20.07,11-09-2021
985,18.26,12-09-2021
986,19.01,13-09-2021
987,15.94,14-09-2021
988,13.39,15-09-2021
989,25.83,16-09-2021
990,19.72,17-09-2021
991,22.93,18-09-2021
992,28.18,19-09-2021
993,26.76,20-09-2021
994,32.59,21-09-2021
995,23.32,22-09-2021
996,22.98,23-09-2021
997,19.36,24-09-2021
998,25.12,25-09-2021
999,25.31,26-09-2021
1000,48.62,27-09-2021
1001,35.72,28-09-2021
1002,24.94,29-09-2021
1003,34.81,30-09-2021
1004,41.93,01-10-2021
1005,58.96,02-10-2021
1006,49.43,03-10-2021
1007,28.96,04-10-2021
1008,25.44,05-10-2021
1009,38.65,06-10-2021
1010,61.02,07-10-2021
1011,76.61,08-10-2021
1012,74.92,09-10-2021
1013,66.07,10-10-2021
1014,56.5,11-10-2021
1015,66.57,12-10-2021
1016,84.15,13-10-2021
1017,83.81,14-10-2021
1018,105.85,15-10-2021
1019,115.04,16-10-2021
1020,117.79,17-10-2021
1021,18.27,18-10-2021
1022,70.35,19-10-2021
1023,109.59,20-10-2021
1024,92.37,21-10-2021
1025,63.28,22-10-2021
1026,60.55,23-10-2021
1027,57.43,24-10-2021
1028,43.89,25-10-2021
1029,71.92,26-10-2021
1030,112.39,27-10-2021
1031,132.95,28-10-2021
1032,127.21,29-10-2021
1033,149.89,30-10-2021
1034,167.34,31-10-2021
1035,112.55,01-11-2021
1036,113.13,02-11-2021
1037,146.33,03-11-2021
1038,441.16,04-11-2021
1039,312.13,05-11-2021
1040,360.65,06-11-2021
1041,350.69,07-11-2021
1042,279.03,08-11-2021
1043,274.05,09-11-2021
1044,243.12,10-11-2021
1045,283.57,11-11-2021
1046,330.53,12-11-2021
1047,279.82,13-11-2021
1048,241.65,14-11-2021
1049,230.45,15-11-2021
1050,305.87,16-11-2021
1051,194.43,17-11-2021
1052,175.67,18-11-2021
1053,176.15,19-11-2021
1054,198.11,20-11-2021
1055,165.04,21-11-2021
1056,128.63,22-11-2021
1057,162.88,23-11-2021
1058,191.76,24-11-2021
1059,188.91,25-11-2021
1060,166.03,26-11-2021
1061,196.46,27-11-2021
1062,203.52,28-11-2021
1063,164.34,29-11-2021
1064,161.01,30-11-2021
1065,196.82,01-12-2021
1066,189.22,02-12-2021
1067,182.53,03-12-2021
1068,178.19,04-12-2021
1069,106.69,05-12-2021
1070,63.36,06-12-2021
1071,107.19,07-12-2021
1072,92.87,08-12-2021
1073,120.79,09-12-2021
1074,114.17,10-12-2021
1075,114.23,11-12-2021
1076,142.42,12-12-2021
1077,136.05,13-12-2021
1078,151.43,14-12-2021
1079,145.04,15-12-2021
1080,168.91,16-12-2021
1081,142.72,17-12-2021
1082,115.04,18-12-2021
1083,123.69,19-12-2021
1084,143.12,20-12-2021
1085,159.04,21-12-2021
1086,167.09,22-12-2021
1087,192.6,23-12-2021
1088,221.16,24-12-2021
1089,244.64,25-12-2021
1090,276.02,26-12-2021
1091,95.63,27-12-2021
1092,96.96,28-12-2021
1093,90.61,29-12-2021
1094,92.6,30-12-2021
1095,117.8,31-12-2021
1096,183.65,01-01-2022
1097,200.28,02-01-2022
1098,184.31,03-01-2022
1099,169.79,04-01-2022
1100,178.04,05-01-2022
1101,81.24,06-01-2022
1102,64.91,07-01-2022
1103,31.09,08-01-2022
1104,31.76,09-01-2022
1105,67.91,10-01-2022
1106,58.92,11-01-2022
1107,81.04,12-01-2022
1108,95.43,13-01-2022
1109,90.58,14-01-2022
1110,87.44,15-01-2022
1111,79.62,16-01-2022
1112,147.96,17-01-2022
1113,134.63,18-01-2022
1114,146.3,19-01-2022
1115,130.02,20-01-2022
1116,139.37,21-01-2022
1117,79.75,22-01-2022
1118,58.08,23-01-2022
1119,57.17,24-01-2022
1120,70.78,25-01-2022
1121,85.73,26-01-2022
1122,93.9,27-01-2022
1123,75.63,28-01-2022
1124,114.88,29-01-2022
1125,108.13,30-01-2022
1126,128.15,31-01-2022
1127,102.65,01-02-2022
1128,83.13,02-02-2022
1129,56.89,03-02-2022
1130,26.48,04-02-2022
1131,49.37,05-02-2022
1132,67.47,06-02-2022
1133,71.18,07-02-2022
1134,81.33,08-02-2022
1135,62.43,09-02-2022
1136,70.24,10-02-2022
1137,61.49,11-02-2022
1138,67.14,12-02-2022
1139,78.23,13-02-2022
1140,85.78,14-02-2022
1141,86.57,15-02-2022
1142,89.13,16-02-2022
1143,91.11,17-02-2022
1144,65.86,18-02-2022
1145,63.38,19-02-2022
1146,59.3,20-02-2022
1147,58.48,21-02-2022
1148,63.44,22-02-2022
1149,85.62,23-02-2022
1150,108.02,24-02-2022
1151,85.94,25-02-2022
1152,19.82,26-02-2022
1153,22.24,27-02-2022
1154,29.65,28-02-2022
1155,47.63,01-03-2022
1156,50.61,02-03-2022
1157,46.49,03-03-2022
1158,32.55,04-03-2022
1159,34.61,05-03-2022
1160,60.73,06-03-2022
1161,73.98,07-03-2022
1162,69.47,08-03-2022
1163,42.6,09-03-2022
1164,38.42,10-03-2022
1165,44.02,11-03-2022
1166,43.11,12-03-2022
1167,53.25,13-03-2022
1168,74.9,14-03-2022
1169,80.4,15-03-2022
1170,59.69,16-03-2022
1171,69.36,17-03-2022
1172,104.44,18-03-2022
1173,86.91,19-03-2022
1174,90.58,20-03-2022
1175,88.98,21-03-2022
1176,60.87,22-03-2022
1177,68.35,23-03-2022
1178,70.58,24-03-2022
1179,58.9,25-03-2022
1180,55.62,26-03-2022
1181,64.91,27-03-2022
1182,84.86,28-03-2022
1183,73.31,29-03-2022
1184,67.21,30-03-2022
1185,90.97,31-03-2022
1186,62.24,01-04-2022
1187,68.98,02-04-2022
1188,89.33,03-04-2022
1189,69.41,04-04-2022
1190,58.82,05-04-2022
1191,63.15,06-04-2022
1192,96.52,07-04-2022
1193,97.53,08-04-2022
1194,83.59,09-04-2022
1195,75.01,10-04-2022
1196,87.65,11-04-2022
1197,77.44,12-04-2022
1198,101.35,13-04-2022
1199,84.48,14-04-2022
1200,56.16,15-04-2022
1201,64.15,16-04-2022
1202,67.62,17-04-2022
1203,96.45,18-04-2022
1204,103.33,19-04-2022
1205,76.57,20-04-2022
1206,91.33,21-04-2022
1207,54.11,22-04-2022
1208,87.65,23-04-2022
1209,86.54,24-04-2022
1210,97.47,25-04-2022
1211,101.3,26-04-2022
1212,140.14,27-04-2022
1213,170.29,28-04-2022
1214,122.31,29-04-2022
1215,133.21,30-04-2022
1216,88.23,01-05-2022
1217,86.92,02-05-2022
1218,110.53,03-05-2022
1219,118.51,04-05-2022
1220,147.02,05-05-2022
1221,137.55,06-05-2022
1222,147.12,07-05-2022
1223,122.01,08-05-2022
1224,95.81,09-05-2022
1225,74.48,10-05-2022
1226,87.37,11-05-2022
1227,80.03,12-05-2022
1228,81.01,13-05-2022
1229,100.96,14-05-2022
1230,112.71,15-05-2022
1231,126.58,16-05-2022
1232,90.28,17-05-2022
1233,102.87,18-05-2022
1234,100.64,19-05-2022
1235,156.83,20-05-2022
1236,146.86,21-05-2022
1237,64.72,22-05-2022
1238,36.91,23-05-2022
1239,45.83,24-05-2022
1240,37.88,25-05-2022
1241,50.51,26-05-2022
1242,72.31,27-05-2022
1243,66.66,28-05-2022
1244,61.88,29-05-2022
1245,79.62,30-05-2022
1246,91.29,31-05-2022
1247,93.02,01-06-2022
1248,82.46,02-06-2022
1249,78.72,03-06-2022
1250,77.13,04-06-2022
1251,80.12,05-06-2022
1252,72.93,06-06-2022
1253,85.74,07-06-2022
1254,98.79,08-06-2022
1255,86.92,09-06-2022
1256,103,10-06-2022
1257,106.31,11-06-2022
1258,88.87,12-06-2022
1259,78.74,13-06-2022
1260,103.56,14-06-2022
1261,43.9,15-06-2022
1262,47.44,16-06-2022
1263,27.79,17-06-2022
1264,27.24,18-06-2022
1265,35.05,19-06-2022
1266,43.15,20-06-2022
1267,32.19,21-06-2022
1268,36.35,22-06-2022
1269,42.66,23-06-2022
1270,45.12,24-06-2022
1271,55.18,25-06-2022
1272,65.67,26-06-2022
1273,53.04,27-06-2022
1274,66.94,28-06-2022
1275,86.46,29-06-2022
1276,42.62,30-06-2022
1277,33.19,01-07-2022
1278,43.13,02-07-2022
1279,34.61,03-07-2022
1280,31.81,04-07-2022
1281,76.43,05-07-2022
1282,48.95,06-07-2022
1283,46.26,07-07-2022
1284,40.19,08-07-2022
1285,41.2,09-07-2022
1286,29.45,10-07-2022
1287,34.54,11-07-2022
1288,44.63,12-07-2022
1289,40.75,13-07-2022
1290,27.76,14-07-2022
1291,17.29,15-07-2022
1292,25.59,16-07-2022
1293,21.11,17-07-2022
1294,32.95,18-07-2022
1295,44.85,19-07-2022
1296,37.41,20-07-2022
1297,17.13,21-07-2022
1298,40.83,22-07-2022
1299,57.1,23-07-2022
1300,24.66,24-07-2022
1301,21.97,25-07-2022
1302,26.79,26-07-2022
1303,35.63,27-07-2022
1304,24.75,28-07-2022
1305,10.6,29-07-2022
1306,14.48,30-07-2022
1307,16.71,31-07-2022
1308,22.35,01-08-2022
1309,42.04,02-08-2022
1310,44.88,03-08-2022
1311,40.81,04-08-2022
1312,29.76,05-08-2022
1313,38.16,06-08-2022
1314,40.71,07-08-2022
1315,38.07,08-08-2022
1316,42.81,09-08-2022
1317,18.27,10-08-2022
1318,17.28,11-08-2022
1319,17.02,12-08-2022
1320,32.48,13-08-2022
1321,34.7,14-08-2022
1322,24.46,15-08-2022
1323,21.22,16-08-2022
1324,15.05,17-08-2022
1325,21.36,18-08-2022
1326,19.84,19-08-2022
1327,30.21,20-08-2022
1328,34.1,21-08-2022
1329,40.41,22-08-2022
1330,30.31,23-08-2022
1331,21.74,24-08-2022
1332,27.65,25-08-2022
1333,29.08,26-08-2022
1334,29.81,27-08-2022
1335,36.71,28-08-2022
1336,42.09,29-08-2022
1337,45.38,30-08-2022
1338,43.27,31-08-2022
1339,35.87,01-09-2022
1340,35.68,02-09-2022
1341,30.81,03-09-2022
1342,51.27,04-09-2022
1343,21.86,05-09-2022
1344,29.78,06-09-2022
1345,44.03,07-09-2022
1346,63.16,08-09-2022
1347,67.46,09-09-2022
1348,61.75,10-09-2022
1349,40.66,11-09-2022
1350,36.97,12-09-2022
1351,25.27,13-09-2022
1352,25.12,14-09-2022
1353,13.63,15-09-2022
1354,8.35,16-09-2022
1355,27.91,17-09-2022
1356,42.63,18-09-2022
1357,44.13,19-09-2022
1358,62.07,20-09-2022
1359,26.02,21-09-2022
1360,11.18,22-09-2022
1361,17.09,23-09-2022
1362,19.61,24-09-2022
1363,11.8,25-09-2022
1364,29.36,26-09-2022
1365,29.74,27-09-2022
1366,40.97,28-09-2022
1367,59.03,29-09-2022
1368,75.53,30-09-2022
1369,68.67,01-10-2022
1370,59.81,02-10-2022
1371,41.34,03-10-2022
1372,50.96,04-10-2022
1373,58.87,05-10-2022
1374,41.06,06-10-2022
1375,13.63,07-10-2022
1376,17.67,08-10-2022
1377,9.48,09-10-2022
1378,7.63,10-10-2022
1379,19.96,11-10-2022
1380,25.95,12-10-2022
1381,41.98,13-10-2022
1382,73.47,14-10-2022
1383,83.34,15-10-2022
1384,83.39,16-10-2022
1385,109.88,17-10-2022
1386,97.6,18-10-2022
1387,75.06,19-10-2022
1388,82.37,20-10-2022
1389,99.72,21-10-2022
1390,96.84,22-10-2022
1391,119.04,23-10-2022
1392,160.81,24-10-2022
1393,122.87,25-10-2022
1394,163.88,26-10-2022
1395,165.68,27-10-2022
1396,164.34,28-10-2022
1397,156.59,29-10-2022
1398,133.52,30-10-2022
1399,247.36,31-10-2022
1400,118.11,01-11-2022
1401,237.09,02-11-2022
1402,319.74,03-11-2022
1403,295.57,04-11-2022
1404,131.11,05-11-2022
1405,102.79,06-11-2022
1406,185.56,07-11-2022
1407,136.81,08-11-2022
1408,107.72,09-11-2022
1409,241.18,10-11-2022
1410,203.89,11-11-2022
1411,156.94,12-11-2022
1412,171.93,13-11-2022
1413,139.62,14-11-2022
1414,80.74,15-11-2022
1415,119.78,16-11-2022
1416,132.85,17-11-2022
1417,160.1,18-11-2022
1418,153.49,19-11-2022
1419,127.72,20-11-2022
1420,112.15,21-11-2022
1421,101.78,22-11-2022
1422,97.56,23-11-2022
1423,101.77,24-11-2022
1424,131.29,25-11-2022
1425,162.68,26-11-2022
1426,156.42,27-11-2022
1427,158.17,28-11-2022
1428,178.69,29-11-2022
