,Actual,Gru_predicted,cNN_1Fea_predicted,cNN_biLSTM_1fea-Copy1_predicted,gRU_biLSTM_1fea_predicted,vANILLA_LSTM_predicted,cNN_LSTM_1fea_predicted,biLSTM_predicted,sEQ2SEQ_predicted,sTACKED_LSTM_predicted
0,64.52,85.7346789640578,61.43078178386771,69.15178988628124,83.8344338990557,71.2874510246609,76.60819278095985,63.63858845900603,67.84785698539852,70.37727883052952
1,63.31,84.64751948734819,61.08281934677444,68.04118816233351,82.88011382336202,70.68099234189137,75.62664130168572,63.17849646539471,67.51455437317651,70.50094847319694
2,63.83,84.51373700742036,62.6938675793797,68.64244307039286,82.20979522570248,72.30003990455273,75.77146285709098,65.22403462525803,69.92466831560752,70.52182672464339
3,68.86,84.56542952027768,63.63580132400754,69.51631514676436,82.13438259414195,72.43397395073426,76.20932092332004,65.34430244756476,70.02379264552383,70.5761253350295
4,66.88,83.65879387206584,62.09598923063878,68.60417259133494,81.89772030934515,69.61266918237703,75.2221025502272,61.86640003768105,66.32744116232897,70.52341817030718
5,59.51,83.05858308708751,61.67049223443326,67.8352264642573,81.54202799331345,69.91502701780306,74.30413311437799,62.65336570825351,67.10782633138685,70.32770403505022
6,64.37,82.66044379967389,61.40239679268967,67.96084120718048,81.52052242598367,69.87552716802072,74.10015861829467,62.97226952637453,67.21626356555797,70.12029403721648
7,63.86,82.58131779489784,61.54545007513516,68.37422974378528,81.6049448292916,70.35926770738214,74.20019234573316,63.847762519625824,67.92827130333097,69.8438077192614
8,65.16,83.74480772103757,63.94768678254775,70.27911442021994,81.96540306196725,73.85625483471023,75.63367229178766,68.12344232617886,72.41078431391897,69.52434394803646
9,73.36,84.82617399871708,65.24355720076865,72.04441499734924,82.64404938323257,74.43715776303735,77.0973981258017,68.35231999977897,72.62637046910478,69.27898344434706
10,69.77,84.78428277026536,64.05361054301176,71.45858616577704,82.92807612230897,72.24092906561181,76.78251081340359,65.2005250152405,69.4312443767045,69.04033395755737
11,63.31,84.22511275864856,63.70798054215591,70.56660192208902,82.937708999766,71.04177054776926,75.68470801754563,63.8418724866003,68.02443167095282,68.81677373335772
12,63.42,83.31970648116115,63.98193654570903,70.46443784675138,82.87461533649189,69.65557085252004,74.60096720189158,62.46344056185294,66.48927602971146,68.63872969717734
13,61.64,82.56244779631285,65.13000460553533,71.1020854963923,83.41915078427971,69.27284080089872,73.84441582622719,63.21040958214486,66.33266598790772,68.56149406039876
14,62.69,82.23630247940419,65.28623152153112,71.54493682864586,83.74477403964787,69.71852979023534,73.70549693436858,64.66860324789904,67.13868269453486,68.34924236279421
15,64.4,81.25707501602004,62.27327122537698,69.51568362070729,83.92308331677222,67.31327438826999,72.83994416125545,62.625549090526825,64.08960331809052,68.06408729716254
16,57.65,81.25809387805876,61.96457707851178,68.08594230891057,82.8452367443174,69.39109616017026,72.7512021197172,65.04679473225697,67.15396141494203,67.40977999013636
17,66.43,80.99289503583022,61.725687611820405,67.91300521344495,81.42203804247184,68.34750356105044,72.827860962697,62.49863761409982,65.69965794969934,66.7809147628623
18,60.79,79.64377855065165,59.23702866858585,65.9559143829599,80.41061959087243,64.93774281272364,71.26233312828472,57.92509643764703,61.39945388126376,66.3793568143931
19,53.62,77.91071948382218,57.05921527098421,63.307849842575685,79.62493381310894,62.78301800776816,69.11263527074344,55.95823379397238,59.17892406116251,66.00565337521404
20,53.09,76.46114825383374,56.04599907520903,61.76255610303164,78.58532403832231,62.02309849313278,67.68681784084794,55.50188043461886,58.81026441009249,65.47421577784966
21,54.32,76.39941026649545,57.50465586007172,62.39336643056144,78.19448519212831,64.57236709715035,68.05194515617212,59.14462798609038,62.53164958618926,64.9570001472903
22,61.96,76.77875533845094,58.82284861932287,63.95166118653352,77.96801152771876,65.39487505421421,69.04277585831134,59.79659443653173,63.43390244356509,64.42072927050255
23,60.38,76.85988538591472,58.74498566666095,64.46642228581777,77.90814285750936,64.74578415241935,69.1923801710554,58.707338293312674,62.391231872488575,63.93332588001018
24,57.53,75.70183500421314,56.21029689421405,62.72657641896176,77.59658158234511,61.2920439294788,67.69141535054334,54.48228161549365,57.926498425493705,63.4176385425089
25,49.670002,73.58916983465792,53.000793058581344,59.36099723358695,76.9034522635045,57.72153032841394,65.03590722303323,50.81591498948805,53.83475689832029,62.80560137956867
26,45.59,71.39128232878917,51.4457275058477,56.930918647405385,75.6610131598847,55.67341554223781,62.63030237664964,48.98443469175246,51.99566039633655,62.01068269085096
27,45.59,69.17116510571186,50.22450346757143,55.47298601242146,74.37178218561037,53.4302855096412,60.58583360090961,46.8045919904208,49.83377408589399,61.1544428219926
28,42.9,66.78914144229894,48.57685619487263,53.838487112230666,73.5163927718422,50.69709125676514,58.35360791823158,44.60334476592848,47.06081474229165,60.29035518933184
29,39.24,63.84412492953715,46.17781921948247,51.56707313262514,72.11773938274774,46.6732093095098,55.41957153851523,40.59444261674664,42.99548784499824,59.18058707977944
30,33.0,60.843963561472776,43.49834678319375,48.708558848985874,70.6888443158675,43.72309006620696,52.36894702831796,38.34901803947604,40.69804657149437,57.88724276578679
31,31.38,58.70965809902894,42.52708075830228,46.68009715370548,69.43533666555426,43.32261834255591,50.52659185187977,39.24871953158134,41.01750613254561,56.39791907559321
32,34.73,58.43708303245393,44.89943786286846,47.39085025971181,68.1703899732608,46.47720046209288,51.003642425210046,43.35861953798212,44.97546096961748,54.67272882343472
33,43.44,58.89129341338715,46.92462825317327,49.2048078144508,67.43042668202854,47.833802636134486,52.29299970469578,44.352540507627225,46.456402203947,53.01756639065689
34,42.34,59.65523785409288,48.11707575411612,50.433307032904416,67.38238859995475,49.01433534546745,53.28942572770057,45.39006624642555,47.65811208706008,51.538852338221936
35,43.38,59.80932179166837,47.4460919490098,50.50298540786683,67.24723360339624,47.96164877112594,53.35268358774952,43.57138908695344,46.0322566735036,50.1430534469054
36,38.97,59.74317154227807,46.54132561792687,49.71850373978548,67.19917026028017,47.72803465209789,52.97873595849506,43.30322207225671,45.73994852273228,48.87838462607704
37,39.89,60.36634461469115,47.82348771053582,50.31157407014531,67.2846957291011,49.8565721765539,53.626429082616966,45.9379487823158,48.43166835435427,47.7277020483745
38,45.66,62.11077957089515,50.1768779825216,52.39090308423511,67.58291496376653,53.62266518731688,55.77625745554336,49.99033781578687,52.98868038880691,46.726421695077775
39,52.22,64.16771888117528,51.639273401642086,54.17249703363659,68.55057707995903,55.96788351212428,58.19706523920727,52.24020833649919,55.28260616725981,46.02421945188407
40,52.65,66.01128658764303,52.63833920356539,55.37463635446847,68.81853358597007,57.30254226076987,59.96708121089596,52.44737414425752,56.278720637409776,45.40340828692439
41,52.6,66.60570417359125,51.99622034944047,55.33522070816043,68.95981438528207,55.535094495046565,60.15621063446463,49.14664847476919,53.427106828487325,45.10611950064972
42,46.11,67.74211426240421,53.67725850986296,56.00457096586582,69.67955621216723,58.122835666460304,60.82885745818788,52.46436219519247,56.731019599476966,45.12562523546548
43,55.23,69.23750060274557,55.49444105766669,57.64117495291348,70.53947156267768,60.19051091971048,62.549281793702406,54.78896329932368,58.9982402460636,45.33899262910416
44,56.73,69.90205968276473,54.26945312409033,57.3549757642008,71.03788876760518,59.07334974511674,63.194865620793735,53.00228767024972,57.03933904088164,45.67076273809437
45,50.85,69.68807339359013,51.414626952624296,55.09181372507421,70.51426946282723,57.34472820138156,62.47242928273178,50.306955509581336,54.705833419345865,45.96471706678776
46,48.03,68.12101305594604,47.32968064582486,51.63209505546016,69.30693478763258,53.378500372962186,60.39668733664608,45.02646301398573,49.8175691272698,46.28607120601018
47,40.420002,65.66836793865882,43.4239698543668,47.77416973565306,67.56437756890492,49.55467746023639,57.44277893700087,40.42136237537475,45.706713411436006,46.58172644488393
48,36.439995,63.643880647364206,41.594371504281256,45.17421906046948,66.12909566850092,48.58674168275249,55.33742683918643,39.99480020521965,45.3912156238494,46.87629545893952
49,39.57,64.38548590634481,44.88962394794173,46.53634498242352,65.70204090802132,54.48284577877129,56.79686671635987,47.96707147486924,53.57129264766181,47.13999126915226
50,56.32,66.90791886311101,49.22471351576937,50.52982947546564,65.9191469359178,59.62039445643796,60.56359546335363,53.27413437677226,59.64720905282077,47.37998801153035
51,60.77,69.36091763499017,51.35057757991716,53.54329499246544,66.47845588326715,61.39988331898256,63.46994574072843,53.71723831944864,60.81302720502421,47.714604197951054
52,57.65,70.56208861586789,51.17161572586717,54.35702894750985,67.02500379409014,60.2237628717016,64.19260942817091,50.93800581701282,58.45746448340215,48.1695260982419
53,52.02,70.29603089820175,49.69376896921725,53.4738860686207,67.61724051005466,57.5577798319917,63.10754661797075,47.5004158204382,54.76613994762149,48.73170217389031
54,46.890003,70.10963808754701,49.3937940921132,52.85202657040631,68.405031374675,58.03872481600719,62.41543195099516,48.98323479224405,55.65909253126367,49.30286697041754
55,51.97,69.31674449238561,48.05664292062908,52.12211717400247,68.83473854459426,56.06289871249599,61.68584673796728,47.12529776289131,53.18597754938024,49.77077304644157
56,46.25,68.1196236986205,45.979722125903535,50.57247011483841,68.46591890692312,54.19494567987826,60.31777605072944,45.158148827404126,51.11334692166899,50.03449411769659
57,44.359997,67.14238343722924,45.41875015993726,49.79312485868782,68.16958161990776,53.726799623952544,59.29461963481611,45.16621973041337,50.9583746374399,50.24345345945698
58,45.9,66.49192001880368,46.37111671502775,50.309195321997045,67.88254039645233,53.61757929747068,58.85639949364767,45.33871054746533,51.11846228273119,50.36573795497259
59,46.33,68.16527040202489,51.600362976179696,53.70403942485606,68.79805109085272,59.62160698646751,60.99545824221432,53.51284701616766,59.13454883021968,50.546072325653256
60,62.045,70.67853360044255,56.11844353430137,58.06131660815512,70.28471395125922,63.14111012281669,64.37615195122146,57.417336857248735,62.79749258499601,50.75826087065208
61,62.045,71.64144243051223,55.36047754026916,58.78525597823288,71.1899855031878,60.81749840950821,65.25879381943868,53.70527300575419,58.82960594813342,50.93360618548196
62,50.98,71.43877308828017,53.098822743332086,56.78554134906991,71.30869556122043,58.84323849061852,64.13580576442513,51.05898094850346,56.13197082244362,51.05682112938831
63,49.27,69.66804980740757,49.86956056246079,54.09076072115803,70.75188745705705,54.44119032004754,61.72456770561255,45.75079814039258,50.6909822947065,51.16532993651256
64,40.91,67.59403403254451,46.983090725362274,51.475274504970734,69.84386245151968,52.24238499630919,59.20540184364823,43.83849513787431,48.64475787652784,51.21437846027764
65,41.71,66.7035822920883,46.48166745640316,50.48853609168127,69.65167223166112,53.734453719764126,58.56639851807148,47.05175444845968,51.27374190964138,51.27980876996288
66,48.759995,67.1999449322435,47.857771155086816,51.45514987461905,69.22232713668124,56.54529199626899,59.83144625453408,50.48566054303478,55.04583020777273,51.15090167119556
67,53.8,68.36445372042196,49.27412411447384,52.88737518890688,68.86822626631336,58.54520871377022,61.57906410206567,51.9520472068359,57.28373962496431,50.99608516339388
68,54.82,68.22675577894036,48.06913029586404,52.42246254639332,68.51538844805958,55.63730909246877,61.375839016903385,47.31352620928524,53.05985758561142,50.93271783882837
69,44.49,69.05888819311383,50.67795601723619,53.26822750305188,68.64354613590585,58.777871333538975,61.75126020695767,51.11664769786056,57.29584808456502,50.96631923523773
70,56.69,70.01100213778149,54.140979673215526,56.25409112118439,69.46799077287804,59.763060402901786,63.04532025048165,52.10209358781992,58.19892192581503,51.16888753330066
71,54.65,70.39507944499123,54.52553694022863,57.5636319734538,70.65008124648509,58.98779901525352,63.38021009819375,51.52503454809344,56.859994061023706,51.44836728476621
72,51.22,70.84485230283016,53.87885846797173,57.363631881356255,71.89869246476924,59.74415672292709,63.55755524553766,53.48479041853929,57.77643099364113,51.6953192341194
73,54.25,70.79263772843235,51.970866683336325,56.36519760549001,71.86432902691767,58.72102556805604,63.44567408926871,52.04324798982296,56.31361455714926,51.68560215318809
74,50.539997,70.38019227073943,50.08334476329713,54.87027438425716,71.22662243484477,57.73823629771007,62.81990333967425,50.44710377216435,55.12339002792727,51.62646605320489
75,49.51,69.67575442530372,49.07641435687656,53.74291616892874,70.48718962550045,56.56084437796756,61.97407523040998,48.7224145306778,53.79343825349364,51.62372944029095
76,47.94,68.16476518117923,46.90604033622711,51.82532518822601,69.70075443681591,53.53576720186526,60.31440370158473,45.0236632484661,50.17942513761841,51.65494787837834
77,41.95,65.22469141235737,43.04658672336192,48.11681051317216,68.6852942184513,48.00202433704072,56.98493096597897,38.9530979740973,43.92696351812115,51.62304739214933
78,32.25,61.4762811311921,39.55240357172718,44.1166992067046,66.82125664738736,43.06281694302839,52.77330474230678,33.855842763957995,39.61482360720711,51.3062570812326
79,27.73,57.289591766426405,36.744571359253925,40.86376742921465,65.01200185668661,38.23037955439653,48.49258114764467,29.50951413740152,35.96344519962243,50.82417535031441
80,22.65,53.45414877425068,35.44089948914147,38.93528051894075,63.36646388101838,35.16957905433315,44.85179553712376,27.74162009326456,34.51423814966023,50.070419529995945
81,21.96,50.14055681389316,33.69530252499248,37.3415445206464,61.813255014892505,32.748996514962926,42.02072316575066,26.570484491660665,33.580417409778775,48.98451468505302
82,20.33,46.88243810238787,30.672574625822456,34.662408898254775,60.38432205644882,29.42939453162903,39.23778992062047,24.285231671058074,32.22899795957878,47.59450478259288
83,15.45,44.17737623026703,28.68683145812854,32.26348349246803,58.00053854042356,27.82496048192806,36.86440553366813,22.96900506293124,31.8277473537907,45.71103725984001
84,16.27,41.46311933875538,26.657041453041465,30.522460882059026,55.45001530463929,24.99646684195461,34.60308334045445,19.47142430110952,31.03367912016316,43.66852200470316
85,11.44,38.83171866593015,25.29047590290629,29.407461631667296,53.63110237543921,22.59349756431583,32.282397697877016,17.147404200950803,30.5103334766766,41.76609185954361
86,9.48,37.80605298648344,27.307075433748214,30.03476067431984,52.47673168556344,24.778179860331434,31.638862120297425,20.53047034284563,31.33781575398324,39.9343294801692
87,18.77,37.4174707934,29.06619968603945,31.38768947179621,52.34957601906103,25.28362595027404,31.989756943382307,21.56543419093914,31.52279815644388,38.31108858448894
88,16.81,37.14747235313779,29.148335965020824,31.80751536400932,52.53145552349464,25.11788614677205,31.97954306195277,21.863228198059463,31.45223143482786,36.776585520173214
89,15.66,37.86758046513605,30.586253434169624,32.19729535151431,52.781552472612,27.7566462032489,32.769314813305435,25.538419348169064,32.70310562148315,35.30008601911169
90,22.96,39.51555192121081,34.047371986543496,34.22385194318923,53.13916041768344,30.934148508483467,34.75900080868227,29.032425672507824,34.40535674216232,33.955247070426275
91,27.39,40.7930365108238,35.26742349144049,35.74668019579676,53.38044547321793,31.36160113037901,36.21617350731087,28.261058695544776,34.279807256931704,32.83458513638956
92,23.36,43.62623080974864,38.910171042912,37.72292310650562,55.01087734560125,36.97503205817039,38.88858548228165,35.91896050416304,39.11953877152262,32.050368709252176
93,38.389996,45.55328626095986,39.91475638257401,39.45298873982462,55.585966024029695,36.992209566922455,41.113839117289714,33.98628657613083,38.05019674996956,31.332614084359907
94,28.83,47.14521609473101,39.790278386553545,39.505759057152645,56.08245917957003,38.313496803853205,42.21143982480941,34.59299576423632,38.82947885351444,30.846086410000005
95,32.16,47.96992597264716,38.78257330816965,38.8607183424704,56.4108148376784,37.84293410821581,42.69331525721563,33.31927085974971,37.96226727195808,30.560362970916977
96,29.0,48.679887565995294,38.044129889648055,38.0413848563867,56.20127449194551,38.59025678309968,43.091589270188095,33.58901458450223,38.54297653229437,30.39684403404899
97,31.57,48.64887542641988,35.819015190372546,36.45898685590345,55.67823619114005,37.126177294493694,42.91793644519114,31.12336003043956,36.98849198353322,30.36385311282812
98,26.73,48.68543657495,34.10599023515991,34.56429079985604,54.86724726935698,37.471765193612406,42.70671202997276,31.10808131003239,37.38817640469979,30.41181541177505
99,29.729998,47.98957064319548,31.66716922326176,32.60996605350091,53.517263488393375,35.27597645933995,41.950068030486655,27.5032716338954,35.48263704625264,30.50468973881332
100,23.62,46.67714161175844,28.891622727912328,30.27058302946076,51.93897461745473,32.902099482063115,40.32071396257405,24.077682737491788,34.075649618291834,30.61062823488533
101,20.749998,44.68377592455579,26.03307055270963,27.947082885755687,50.441049542363984,29.715370581134884,38.11479344525949,20.234072008311408,32.54033820062307,30.704809820861712
102,16.08,43.391235753742464,25.199367743740936,26.657117236168315,49.19985665016344,29.98347654831276,36.809193315586135,21.05816509577849,32.9566191265692,30.762994421585613
103,21.45,42.47966157176442,24.782200576228057,26.21643203829048,48.30013410718958,29.60048967609489,36.32468652460883,20.77857587979638,32.89000996824411,30.785304132094726
104,20.12,42.00013541629046,24.529316492112205,26.05869998519203,47.532829947860286,29.82140801628916,36.10402289992424,21.03514386591176,33.098205163475455,30.767720341579288
105,21.27,42.57550617635773,25.876950996143545,26.89720239219439,47.22415264168994,32.305092639280936,36.95859553999195,23.96797824103284,34.63740467656886,30.730862375802342
106,27.46,44.11178172380695,28.445843219840864,28.9580571640283,47.70258415199832,35.37822052797815,38.93531420033046,27.41325180463505,36.893321006734105,30.703346785496187
107,31.81,49.7954783457938,38.49599520382273,35.81995405911071,49.73063746042848,47.489343063571056,44.94859164097638,43.10297357991005,51.83050370189391,30.745198017297632
108,62.045,56.60300505753696,46.59946811691363,44.67751960641717,53.01007649162014,55.38474919172888,52.71588639319878,50.3028084884733,59.58294075108052,30.95415735905802
109,62.045,60.43342110229848,46.21037649281083,47.56894060780304,56.01821192869834,53.69512227693036,56.415774422313184,45.00825401267381,54.09284054697261,31.37390746814428
110,44.34,62.07094290721573,44.21762549097039,46.25393495005319,57.816629732259926,52.36600411689205,56.46261260487855,41.97113573975022,51.04566837922061,31.97948622460764
111,43.34,62.25751254516645,42.65054410245774,44.83796090630041,59.19346600116977,50.68889825871821,55.65583806698295,39.78632503343634,48.471130312573166,32.76961584072597
112,40.97,60.72255899226335,39.36822531244587,42.342473061302165,59.96315311882103,46.29859647280856,53.55935259500964,35.08688703242156,43.22188151610724,33.65004526265662
113,32.2,58.44566336648253,36.75659561538037,39.59437479347947,59.75826080486812,43.01798701332448,50.761658480839074,32.24512924016298,40.32730709460977,34.475174052857284
114,30.22,57.25863014893555,36.5479183552588,38.644601705396646,59.36013835814935,44.102056222528205,49.66371674924856,34.787823657926545,42.091374090840944,35.21465527919931
115,37.81,56.78782326322276,37.433221053263104,38.97073860195788,59.45634924785576,44.60834645230041,49.85823098499712,36.37440867616811,42.86730489610969,35.89569087404719
116,37.57,55.79108989753687,36.54135469443908,38.26813639226136,58.26419224889916,42.24788729864927,49.0895122073,32.96586256295772,40.45033679087271,36.3880117474372
117,30.83,56.276674492984895,38.592079788317726,38.66794711863934,58.16887391602006,45.73414269318103,49.54600029221237,37.89171739103692,44.58400322788756,36.86371506517908
118,43.23,57.70084153478462,41.34624912663564,40.89051045264433,58.221829480991495,48.611169110639615,51.59073851907008,40.84411854849262,47.819020716225545,37.29227285767448
119,45.47,58.873172825723216,41.80551171602536,42.14610634911958,58.52876377524435,48.996559992048034,52.9973786076995,40.54031241330907,47.72456967913148,37.73978064205544
120,42.25,59.88834675227529,41.07291622879215,42.31767513812824,58.63667894787496,49.80125891430277,53.75107969575969,40.75549439181837,48.39098544575839,38.187031605839856
121,43.71,61.14768549318205,40.78572343908303,42.87119509662119,59.171206812745226,51.64512133293047,54.8846563376633,42.59435512407415,50.4467837989621,38.70239054979145
122,47.220005,62.22684563983556,40.46981305447248,43.680819922121,59.41480325364856,52.33210379814901,55.97863208561546,42.45134815353951,50.90057737269767,39.23772676801476
123,46.27,62.43727854239576,39.62996339188172,43.60650193572605,59.7797958434139,50.88459555328031,55.94612112419795,40.0656826898642,48.72603949024532,39.84954079174816
124,41.55,61.98127462746048,38.8093668536839,42.79622874347432,60.12234820728501,49.37122335083384,55.04301781173195,38.23686743208941,46.859357930089146,40.483483488521
125,39.77,61.40883414829798,39.17512148489143,42.45612670070461,60.8266597475093,48.764158403049535,54.24391842051649,38.28162578884019,46.34447052559348,41.12820001982729
126,40.420002,61.23481924836163,41.27865057748782,43.564526503800046,61.40141582221436,49.38588317570509,54.1598454616268,39.60297617837664,47.32882598056097,41.67381748225954
127,42.9,60.80777290822946,43.18574980529591,45.05521429027687,62.2029613243575,48.30087930793691,53.89448242262342,38.90715234835925,46.00153503591443,42.17711427852128
128,39.24,60.93481068986788,46.4495396207936,47.43601700331281,63.41382833529797,49.5480927485481,54.01116317692604,41.68761422151948,47.71903330069791,42.61363771968309
129,44.0,61.10769726324894,46.98562524993795,48.88496512759162,64.56010286112222,49.64692236630445,54.38050487613768,42.80437121943669,47.7501591149636,42.92564948343471
130,42.450005,61.041934349840304,44.90186292292757,47.456621593467865,65.6806490153818,49.08183285044614,54.28074480999059,43.50480518967063,46.97311682383442,43.124765439052375
131,40.86,61.866808424531285,45.282172124663504,46.88009724580304,64.9109492672094,51.74860740281422,55.11251093905096,46.153715974971306,50.41765781721044,42.856855244952186
132,48.48,63.95475145403941,47.72401393620127,48.90876102942168,64.28753621489463,56.03977643846012,57.64707340628643,49.83299099358324,55.61945374574879,42.72275700199582
133,55.64,65.9443027238574,48.39192431449656,50.57910534861127,64.80619172486409,57.46493708125629,59.97544682606516,50.26132564687181,56.59769181831022,42.99318487997683
134,52.91,68.2202721114212,49.93840532302788,52.07534214404281,65.49339311911575,60.3345241217627,62.065827546153535,52.63865917676763,59.645950210880365,43.42070696973865
135,58.1,69.43872164522011,50.17165736711656,53.162830014302095,65.97379499072215,59.442775647802655,63.07701022802498,50.138476988078565,57.73162632497949,44.02255551229163
136,51.620003,69.57360719066094,48.67834664241607,52.51057306187449,66.69734702481826,57.77404803531915,62.58361155016425,47.90447040191963,55.3160307363732,44.81293142357222
137,48.61,68.78354283223517,46.78449683128512,50.803204475046265,67.27193469257476,55.50964820512072,61.25885934026709,45.715803176483966,52.51554948720413,45.62211418083209
138,45.24,66.14899294947206,43.42338043004688,47.94354502415686,66.59890053286985,49.51687852063442,58.14171829556643,38.71325700814662,45.36192965549662,46.22352907549256
139,33.25,62.96626160848503,40.356656215568265,44.6604599825291,65.52768077384046,45.73393218449534,54.38942202406338,35.41817928669526,42.03542509235904,46.66258283105632
140,32.33,61.487084436941565,41.08408581965471,43.864846615148615,65.44909367129976,47.70446609964837,53.180538004942086,40.09902726567702,45.21457357551568,47.00716870883116
141,42.94,60.59730632427955,42.04128986434228,44.59830939816685,64.75835152095486,47.41086542554692,53.20717998420264,40.130953012948325,45.12813870917258,46.99295937254728
142,39.380005,61.29523524115382,44.832883436801644,46.406486384396885,64.48848780625148,50.95856830543074,54.38197843693749,44.64945037826766,49.75879510222598,46.86251556037445
143,48.9,63.569141643597874,48.883377892101535,49.79987797732466,65.17042648336097,55.80769482266386,57.32189221915822,50.361043611281765,55.65396453968033,46.77594175829879
144,56.28,67.0035740098872,52.88680681545552,53.69276457965066,66.43243026422853,61.03063424359262,61.25626587325943,55.82888462696512,61.50208107570991,46.747114698880814
145,62.55,71.14630916108145,56.81080660152607,57.79534309396325,67.93253199912928,66.26120249929069,65.58436655272226,60.54970189009829,66.98633755870314,46.85045341268458
146,68.18,74.25745070824003,57.81741282457068,60.409221023791886,69.32668892269746,67.28078026754733,68.54454390102724,59.66176362334917,66.77719717947306,47.21276412179427
147,62.92,76.63896073045987,57.89661040229986,61.525068624186936,70.8753508012125,68.63482265597098,70.21964150633963,60.21775495381209,67.5952549829215,47.88970953287925
148,64.8,79.4027208444977,59.71299301709798,63.48928306859564,72.70144628676822,72.44616661380925,72.61656076435177,64.30527788692434,71.83555669975797,48.836093431122514
149,72.47,82.96704549020335,63.38308985701395,67.2290203919106,74.80630579425815,77.47084053421052,76.31017984480641,69.61165453051201,77.40646697812743,50.03739071721164
150,79.67999,86.47128253666651,66.11582941112893,70.91160881723525,76.79568023678017,80.5816705285143,79.91882077902291,71.96393331663737,80.19066327537173,51.47795638562639
151,80.22,90.52065287558484,69.9715738609523,74.6294363965439,79.34938636389202,85.65210061683649,83.74763695777321,77.29484685262872,85.46232282651592,53.27002103705394
152,88.5,94.91824668236669,74.95548908963085,79.3939300017834,81.82050572343513,90.55447741120102,88.08930281694171,81.86186646999893,90.02194095849735,55.299905771049566
153,93.52,100.2068984946195,81.03866804444601,85.13834153889611,84.8515192444738,97.42192752541185,93.29425637576536,88.99982024531761,96.6466661377636,57.69252223152627
154,103.78,102.57259510437054,79.8318638511393,86.67702530570959,87.28478072198295,93.8897770272266,95.30473220894066,83.03718698427427,91.015163039306,60.341626684817776
155,84.75,103.6563696014143,77.4868560350176,84.78502376083898,88.72659681199067,93.29952751325496,94.94989876834656,82.23759921290802,89.98067283575527,63.00156391507475
156,88.22001,104.20376796732748,75.75420956521207,83.39468125465545,89.21642526254216,93.20745943448289,94.91131673643385,81.85342086152916,89.77162087017318,65.57254859510779
157,88.80001,100.9201019217272,67.41982967479105,77.78572784660864,88.32533357568146,82.62422788538828,91.09851605849065,68.46861341809992,76.67216216036644,68.03836313577159
158,62.045,101.22200505839216,68.63638884059249,75.89133492306861,87.67361552548921,90.72413057116992,90.61975194445886,79.93909697562829,88.25111663345564,70.26996571273997
159,97.95,101.60246161620806,69.24283068266718,77.67569916677373,87.28533646491317,90.20255741081684,92.43992792577306,78.303958129033,87.2572798672848,72.43580116612603
160,84.95,102.72545809156904,70.60635859246788,78.85409310786011,87.2804442430578,92.50857901834932,93.70900900865342,80.53380927373648,89.82726252597398,74.47512510958786
161,91.52,102.87177004846896,71.08193560499835,79.80754588776874,87.21642434156665,90.5365757525702,93.806011411018,77.02432635082602,87.1401444142211,76.4080074412189
162,83.18,101.63337271161436,69.32285345444424,78.56486259407353,87.69832924518887,86.89469970705743,91.98421872299774,72.99638579611063,82.81186690746229,78.2849618252366
163,76.76,98.61246360748866,66.01524836110765,75.55658401108907,87.87743003497141,80.85653592958958,88.30024936069499,67.04229918770619,75.65227283925498,79.84750885665957
164,66.7,94.30182672859044,62.25547903126271,71.80456140087742,86.93236392110056,74.54574656346215,83.41417435895006,61.0382251867985,68.71997762950511,80.86571410828553
165,59.44,87.79661996070988,55.35600633578517,66.02013637278931,85.57762264384041,64.10109709232904,76.50836114185964,50.95407605007817,56.80527864343993,81.44765273934624
166,42.09,80.5614195929512,48.95392356284898,59.28711710525823,83.29175092770191,55.948264102618246,68.81546436933276,44.523831425170776,48.7150340961576,81.32152435522998
167,36.58,74.36630053943509,45.48719074382784,54.61397584925947,80.79445270800676,51.87299277501299,62.96972237127772,43.0800407636913,45.99816689694343,80.4806853018165
168,38.21,70.29072607932244,46.18621430586767,53.515709934293,78.64296131646343,51.52359887885705,60.01022286094066,45.28128798818362,47.33494757314075,79.02468092639347
169,43.42,66.46577484004136,46.519588491042825,53.29225075426249,76.4098430769581,47.511278068619646,57.27918842717975,41.44661545779751,43.45953319172677,77.04904007052568
170,33.81,63.16852677404057,46.55381299316182,52.523599339344806,75.07738203899108,45.15889402815146,54.27807555985607,40.45371335019113,41.847188225617685,74.79503094905276
171,33.74,60.659448488294366,47.55337559558335,52.341244085281545,74.33416849365182,44.15587066293724,52.17916923799737,41.17644861058676,41.53315978865717,72.22944371172072
172,34.7,58.51000324117592,48.12172378589609,52.50967208469975,73.6056737156158,42.61101057128571,50.52407837817267,40.66915214929697,40.43490229403814,69.34978172551733
173,32.29,56.90526184879385,48.60464755155703,52.77668972197263,72.8763284824896,42.08990474021485,49.24995771735696,41.09194200380455,40.33179934996234,66.26616629409918
174,33.27,55.85312259703513,48.48800889899155,53.03109367879914,72.59727816874285,42.09022471341709,48.568275860844025,42.20226585628717,40.61751857887165,63.14124905854924
175,34.08,56.09190680938366,48.97372821999842,53.33952258472037,72.3792669534979,44.81948666404452,49.25725815857659,46.10989648695869,43.7114615664096,59.95551586370431
176,41.09,60.8188456650966,57.637137396322,58.87136245102631,73.47878750023106,56.87802202486594,54.75849848233105,61.946048103997605,60.19617781352917,56.95777534552534
177,71.06,70.01224834920076,70.9955512607398,70.74689840120627,75.56176252475697,72.44868429769006,65.18132241293213,78.81013047394123,79.56487147490871,54.33418875511281
178,94.31,76.5123355458454,73.53783939674,77.24469526335064,78.58395152169163,73.46782420788048,72.48247515191656,74.40906748401926,75.87872966296968,52.637943447236296
179,69.59,78.52676052196418,70.35519646940095,75.80775455450343,80.02661806678954,68.17862507304487,72.68879050458472,64.54217594144912,66.48981914212054,51.46239979375412
180,54.55,79.77427709508277,69.3924223648901,73.88466508693055,80.77036209401673,69.78857866048455,72.0927225305407,65.61081907416569,68.12065098100666,50.85165936431771
181,66.25,80.91661510848466,69.68516416355394,73.63305668544996,83.2215841725887,71.23072314404195,73.17586550152741,68.78830874887912,69.559810451401,51.114281580233445
182,67.59,81.9637358331766,68.50964577111404,73.25417473260299,82.71881364804119,72.1075844437502,74.37762590672504,68.51817558305808,70.2788618097971,51.147807193515966
183,67.71,83.22579434630245,67.03428722712894,72.32862698406903,82.71240576364887,73.69967005394876,75.62458673691341,69.88484428244924,71.99638533562288,51.73833878912641
184,70.46,84.41780398917906,65.4941762114265,71.16140684401891,81.7047680480444,74.60122823266182,76.80022722439101,69.36770443501672,72.75216203932395,52.47249625080742
185,70.42,83.45906323108598,60.38102549043096,67.1726461658836,80.01082149501558,69.40238784607052,75.45457150200512,61.27175510235228,65.70497118892608,53.47654268823407
186,55.86,80.7942506196685,54.018387835018814,60.53611565952404,77.51470212396028,63.97244260398455,71.78267691791339,53.956847725845066,59.29724678321349,54.561428671138266
187,49.55,77.7887507513351,50.25526299672403,55.1931357656691,74.90215460902517,60.76313664651638,68.26987216794278,50.21791454570943,56.27579035650501,55.59418428311892
188,49.29,74.73353715178985,47.99923299186851,52.12079938963007,72.1848242907025,57.63555858117935,65.36923088612382,46.40572855312841,53.30437605455806,56.50889083434
189,46.05,72.75738265472899,47.34365842255448,51.02636894291682,70.71088457525893,57.6604828095647,63.76180761308609,47.40861719278379,54.34547623083935,57.41078582695015
190,50.73,72.74296701993313,48.52402693511261,52.15035059892681,70.29257013540905,61.09132810784992,64.53658062058355,52.40540292250524,59.29529326261031,58.11416691878371
191,59.51,73.06531476015199,48.70343506757625,53.506927511926136,70.08823356438636,61.46607567011,65.63248883827032,52.53709294609735,59.53042304417532,58.57345476921571
192,55.51,72.98571721592,48.05951425910185,53.62040853420631,69.51199550853406,60.49920085640196,65.52200124950062,50.53070098142438,58.09886293733426,58.7961392772829
193,52.5,73.29006225333892,49.24784842032638,54.00409850543438,69.89272993781508,61.74359348062495,65.63264461469772,52.22750203223112,59.75539788674278,59.02843982211227
194,57.07,76.61991390457891,56.481731003712646,58.878174512095136,71.54835548970142,70.61674509101968,69.44607681869802,63.61144967924726,71.46780644621013,59.261325581087846
195,78.75,80.83135067043398,63.03424749361452,66.07119735958956,73.90501706666278,75.8774497701607,74.67338218976792,68.38077235373643,76.60365421369644,59.60498943081938
196,78.34,83.10960197215063,64.66838010869222,69.99022914067788,76.35142270650623,74.2147932281724,76.77277689177743,64.90899995677994,72.83095965055031,60.13626704158264
197,66.38,82.39212942889718,63.17341478572222,69.91503543815048,78.16569602427376,68.35271575610805,74.68693894912617,57.86433100043661,64.69159079637606,60.73226344267352
198,53.79,79.84221245812769,59.923758523381565,67.40241218613731,79.58317731021606,63.22353690378431,70.8145601029598,53.90592567477737,58.65899286855778,61.28664227660407
199,49.2,77.80144021490831,56.886050826138046,63.98166288441764,80.88104756095098,62.73459258971272,68.43720973236913,56.85335882725085,59.10020223306298,61.633312190367214
200,55.43,76.38261167337762,55.54062666330642,61.53779176914986,80.26762525085893,62.316833892793056,67.59120058563516,57.51394350328423,59.19101146989466,61.38064282511076
201,55.14,74.12341561788936,53.773806213466464,59.63584579396738,77.28263734885887,58.10545606936998,65.62538627521523,50.885673357751024,54.1468233943302,60.63022146237358
202,45.06,72.43805781923659,53.4519173821824,58.46879406086583,75.82731502157748,57.67638042550779,63.77498124663639,50.86924947009372,54.41625767131477,60.267856021005606
203,50.11,70.63052919975847,52.64714267680082,57.393961972790045,75.4296556939672,55.454671756766686,62.245210417574896,49.4404554473826,52.05041370548374,60.01866425923671
204,45.13,68.99823643059368,51.7301247402109,55.92981512140464,74.29490441359746,54.17745661827138,60.70813072694636,48.58462817554819,50.99086875816256,59.43055351351166
205,45.14,68.87526567676272,52.79861209650008,55.9394564192091,73.51727690832209,56.97098266046535,60.92829755113272,52.557958567022645,55.08291341784336,58.741769093943645
206,54.17,69.82401990280682,53.58473573232978,56.78568449497618,73.11299918763382,59.60850492587036,62.6130406644233,55.41944523330382,58.32440194317937,58.01797286977216
207,56.86,70.40155469216295,52.51971334900702,56.53069953417717,72.38654213367525,59.1581173826692,63.47044675140036,53.59231825518823,57.2659053291129,57.22582447535808
208,51.88,71.26129742555113,52.47284569522566,56.614608296292026,71.58802374643228,60.72438620765511,64.10768601419105,54.221322418194845,59.10794895269626,56.48068267045793
209,56.5,71.80378672891409,52.32191938793547,57.17927679477896,71.63815007466809,60.646615878814885,64.63386510458696,53.355226532672624,58.68403498180712,56.073327312784926
210,54.02,73.05611974076119,54.57615585878893,58.87286969321583,72.42294329560426,63.41841742464595,65.8342782541962,56.679924931287005,62.10464955796794,55.8669614380322
211,61.17,75.21941645939783,58.66240731943963,62.41232905296813,73.68047166181411,67.19555793123378,68.31655878425445,60.90581943367506,66.48479640488004,55.79892924099185
212,66.75,76.25135529767803,58.81060543416331,63.88135128551405,75.06006980468017,65.75089576379557,69.4269499995165,58.65923284845947,63.803488332852126,55.90843164911254
213,57.56,75.5436335167456,56.12905738223371,61.950776129078136,75.6986689535804,61.97245010335647,67.95156198431539,54.18241199273245,58.71950148517167,56.01094937904214
214,49.98,75.66292457875075,57.83416931595137,61.97809173613289,75.90826824174528,64.24831844675114,67.52813218340333,57.54547770440015,62.11108270340254,56.052971122878986
215,61.240005,74.17020748854388,57.21687785621639,62.21652229388947,75.84265689459035,59.38651088629222,66.2302029902364,51.59838419453423,55.736458683427365,56.18810506856893
216,45.58,71.0820450695149,52.40512505104013,58.41757308746445,75.44432393918588,53.55654861931629,62.45775261716568,45.978539067089976,48.92289458257871,56.27960898406337
217,37.77,68.08731482554126,48.0383876074063,53.44209083673453,74.68938084988014,51.18297898472056,59.03627495539354,45.502120019816765,47.11117684025542,56.131394028644834
218,40.23,65.21139568376938,44.48735448011493,49.39672437301797,72.13207081406932,48.48647218558604,56.48119631165101,42.59234266103898,44.759508529318566,55.42360909510671
219,36.88,62.25673787320312,41.64206435211051,46.04473141821741,69.096228223781,45.26195908066384,53.80005243639793,38.41870483478588,41.93047388202291,54.49176713687071
220,32.64,61.50790795612973,43.75113403331418,46.19463886346887,67.27292408339748,48.81419210746363,53.48052972274098,43.125645365358544,46.874160900866656,53.64197725414181
221,46.48,61.5730393434813,45.45256627520603,48.05491253923273,66.61822523021591,49.845339433085634,54.55496184431396,44.15746631877475,48.14013487554628,52.88656262538012
222,43.99,62.22699720608925,46.222194450425306,48.85754005602031,66.6929473932874,51.402177468952765,55.55710107304829,46.07640034489217,49.95781001367451,52.13362357876212
223,46.47,64.31323090506959,49.5837276588612,51.22606590250698,66.97604368397305,56.14776739421757,57.9023530792454,51.34592954813719,55.81891072543727,51.29999234274656
224,56.45,69.45976409344138,57.31356870572616,57.654512783238616,68.461405600702,66.23252279595268,63.57820614760356,63.13863454067301,68.86148998837137,50.6841786539851
225,77.03,73.1755876300623,59.57860848232908,62.46500674647446,70.59488586909794,66.68158834460772,67.99989056837542,60.96997827089876,66.89536412509663,50.49696485945618
226,61.43,76.08823632731286,60.52594809000536,64.32133127929484,72.3340412674649,68.6610857195973,70.00621517026896,61.83106825987534,68.12465485620842,50.51651269600908
227,65.73,77.75112863902912,60.41526262307111,65.16303762849336,74.12877937920068,68.36095085589213,70.98201976242385,60.72736280047072,66.79241695744824,50.891121322536605
228,62.045,71.73392310630827,47.254769024936266,56.50339234746985,73.3833849638777,47.86611150921374,63.57390335006812,36.52569705839768,41.93879739545497,51.25770956813946
229,10.17,63.78792753080614,36.42932197191643,45.0358895929308,70.74698260468054,38.32237185004177,52.9243320937661,27.66145838575493,34.64601027163975,51.25109959540888
230,15.55,56.39444147210566,31.85743960390685,38.97819902977862,67.37630910911211,32.57419431254211,45.56481792676179,23.64879655144671,32.49205592847389,50.850909953396666
231,14.96,50.47279004199188,30.438977347489253,36.20900779165008,64.4187252278148,29.1379852529456,40.85442505374385,22.40383555377237,31.66692292809951,50.10381041771962
232,14.76,46.915605850904726,31.410159168906446,35.40790225266002,61.78627622173485,29.57532757289472,38.57277614184023,24.98890958013845,32.42222177708406,48.8823253486731
233,21.060001,45.54277766737036,33.292119449469794,35.538354485180285,60.21830648656859,31.715259932506967,38.50540073189923,28.9235253192282,33.8937911647268,47.39156177906943
234,26.01,44.75451526329407,33.8450752446851,35.24787354980073,58.59921682217009,31.44356058206441,38.57357607484584,28.474906048986817,33.77652309119112,45.56760506176029
235,22.25,43.67853800796815,33.18888599000886,34.27912520879008,56.55421756454213,29.722565768011663,37.59881139559825,25.54605028802522,32.87011479235982,43.55790390054833
236,18.27,42.97402016923188,31.753296746923763,32.84763246472845,55.25068041998851,30.00741349096224,36.79639438749636,25.77711935704332,33.14231936364803,41.68193469717964
237,21.54,42.228655225124896,29.907223987096344,31.28299297696976,54.52143202085772,29.24129239044651,36.233165768419525,24.935667723354484,32.78924577566629,39.9288183627779
238,19.19,41.52074819654906,28.2794487343264,30.48810375946804,52.86804207121338,28.7310930143811,35.60562043060472,23.29986577439929,32.59793337702704,38.09108595707741
239,19.02,41.2701586571072,27.639531801053767,30.530321276382576,52.33699180983066,29.45551444934908,35.471183268664404,23.98084032172832,33.03722500740563,36.6536863392954
240,21.64,41.265098028303285,28.191041401598405,31.068935114842027,52.52427717731272,29.86031844175156,35.68750199407642,24.571094045873657,33.24576122670779,35.46091676006345
241,21.63,40.94416490645224,29.114456697146352,31.92398981979996,52.54128627911623,28.874920968789915,35.43627671840378,23.20209501533194,32.70383819170934,34.37396779203952
242,18.52,40.31515653327192,29.989120286176032,32.38558484542709,52.80555046278032,27.7619320763465,34.68495016831814,22.245943514072803,32.1917758137756,33.46547545721993
243,17.11,39.290450773431935,30.88615252814682,32.47004093012473,53.459259925139165,26.08462412983439,33.58630112754373,21.420536852407032,31.529730207463547,32.718430653801164
244,14.449999,37.71698255139553,31.49077557517716,32.82801516030927,53.03834780810792,23.56563088499233,31.98032404917667,18.96147122020636,30.830024597282083,31.940841040089207
245,10.48,36.60462939518289,32.29403672310865,33.59262901863548,52.97202073142164,23.549124898947607,30.8962716806678,20.30220314443402,30.942423604917824,31.31362199073722
246,14.13,35.86439665283296,31.161102132696385,33.062578673509776,52.95159717873628,23.428560259394065,30.48510822087072,21.404512931252533,30.969280303037777,30.770482215535505
247,13.88,35.20975042682281,29.18929463999495,31.331997293910845,52.26404212989267,22.82603598396003,30.070477683020364,21.29683563343676,30.829458328917585,30.258645081895445
248,12.53,35.44327402711602,27.311487695800214,29.429085083861068,50.04261975296411,24.74658250660981,30.42544584917329,22.54173979376596,31.486415940296578,29.761600393598616
249,18.529999,36.79548498997419,25.52799916822756,26.93500133179636,48.87443127295984,27.90411806300696,32.11312766371606,25.554226445377303,32.97463024971658,29.49225663534889
250,24.17,38.02483466351799,25.25112130411709,25.96031664584933,46.9408753135346,28.67746803178918,33.59553824867167,23.66993583366341,33.09169834000087,29.3001022019669
251,20.98,39.60227307936645,26.90053263960196,26.88102479969934,44.72170116936917,30.973722036305777,35.00658217900567,23.18799724865148,34.25346841017854,29.175485270213883
252,25.91,41.64946162732555,29.41297906431916,28.75188074709269,46.16111746036006,33.834417189928764,37.057420947574585,26.51561961291005,36.006696314183685,29.197536055039603
253,29.93,42.89310484062749,30.158828178403216,29.92051129533691,47.127764924687554,33.46146737184445,38.2614085346668,25.154994617884963,35.244031766286945,29.231657407902613
254,24.45,43.209398351046,29.192083880080308,29.63582566407432,47.89264823413144,32.22536457966382,38.06401875027177,23.446615589365443,34.24050528531394,29.287008561717165
255,21.8,42.9581857058945,27.594756603608133,28.623024170409938,48.49639135485561,31.170324518216336,37.361252343800416,22.625463308237407,33.61098748111424,29.354506066695865
256,20.89,42.0801455575464,25.70331922201516,27.263756956407533,48.369896685626266,29.227076738902063,36.2787787904342,20.541098926385967,32.63890468252231,29.409253060582493
257,17.46,41.206618715419424,24.943281822515782,26.333455921750765,47.696778322447074,28.518369777320626,35.29389495866563,19.805960494229662,32.41999670027635,29.448401360859712
258,18.49,41.13968116354466,25.918722234644427,26.473305262000096,47.39303112969552,30.006156754108684,35.40118702558661,21.86689946953785,33.30664875895591,29.49106305110105
259,23.37,41.4437609600196,27.000553736519304,27.15813422336405,47.49109449583597,30.760262018845395,36.06009394739506,22.838959112174354,33.70622371560592,29.537438114557904
260,23.13,42.33356433372389,28.63516420631351,28.18185690764188,47.58431616220562,32.62864659426878,37.106810495410485,24.887842255053243,34.8211471828708,29.57946196348161
261,26.88,44.00996709288755,30.897572624345344,29.91728840735904,48.17512141910746,35.60239122736629,38.98099458512455,28.28260004935113,37.04758598177929,29.63939799647043
262,31.92,45.94206212203412,32.41954621168898,31.67699155853592,48.98462835974329,37.825352422787226,41.09710367677759,30.31244478669648,38.71849446424651,29.725990744327795
263,33.08,47.92216576203848,33.312587208979146,33.07329567069811,49.69193754365177,39.854319338913264,43.02886189202707,31.837582319586,40.25921595513744,29.84774896812918
264,34.94,49.14318350180277,32.58117899073321,33.49732752645124,50.13296587068728,39.612512221838266,44.02955703117759,30.420633620618485,39.49329694295997,30.01030798539044
265,31.27,49.185083150601926,30.391909710456485,32.43255354337759,50.31284975278057,37.57444291014312,43.555398847188656,27.322840429219315,37.264523602727216,30.20374862684197
266,26.38,49.1380134084823,29.779611516746,31.634744570405385,50.41104363430616,37.72022859532883,43.057440551195945,27.50882906319753,37.50183004410223,30.41228274105728
267,29.7,49.52729449040222,30.68698184027088,32.15797443411483,50.74571034281142,38.995890179723766,43.52877370862296,29.102358762979915,38.780821875904735,30.636569220222544
268,32.75,50.21769982685003,32.0295262442823,33.252457507999495,51.509473746047455,40.09546124854149,44.44815776283999,30.561097646230024,39.77182098499251,30.880797187182942
269,33.7,51.03935311865,33.74471101861008,34.437518259161585,52.16315794736401,41.02859994028132,45.34909283584342,31.53732746592999,40.54073764085416,31.132462426008665
270,34.47,51.44951666219007,34.44427348288528,35.08841111530594,52.81619799210237,40.5528208394126,45.67754532794721,30.850062919072634,39.851532203914765,31.395337252347225
271,31.88,52.0249379443419,35.28961742217247,35.544953932476574,53.765516381424106,41.56165424435177,46.06358457610754,32.59114868208735,40.8316732749948,31.67558325542868
272,35.13,52.42743055137553,35.94956425688822,36.08199527105394,54.364615680542016,41.579438018118616,46.472325080932364,32.72514377578773,40.7099108410197,31.95063390414737
273,33.7,52.55723020697017,35.694903479465175,36.17655577266456,54.4995475378937,41.20335583079128,46.48719120431559,32.11727257973724,40.24898523301305,32.218371481125295
274,32.7,52.77854219840668,35.09059619546337,35.951303058632,54.901080225320605,41.67381327208583,46.60177529210876,33.01659726129515,40.73302048453442,32.50783355446613
275,34.44,56.66262953767096,41.44256106051118,40.119513970968086,56.20644037509227,51.78192671758477,50.81687069892107,46.52619004342597,54.04507191601651,32.875078587168325
276,62.045,56.719172170646495,38.00644462473636,40.89535215241513,56.10197754490693,43.66129313643667,51.66763734195156,33.29592544650701,41.93558082273768,33.278409018770994
277,24.0,55.44723658998822,33.33101513932419,36.71068367103202,55.79144776230254,41.03565198125183,48.66593505030796,30.14900584312906,39.30664310153498,33.6998263566479
278,29.06,53.64021740152946,31.44878751273001,34.16212237619836,55.29196117325174,38.82705379345533,46.289662484188,28.0152140218783,37.48191171226252,34.07604747970778
279,27.29,52.03484448309033,31.23764730098592,33.16525007477992,54.76386224364236,37.831642422315554,44.79739588256852,27.5103047290842,36.95754299656351,34.36849877638537
280,28.01,51.61111154967087,32.93950477042284,33.840989271095914,54.86121409042519,39.64615993015848,44.80185024635766,30.660794559771407,39.04959936578996,34.60247497035281
281,34.15,53.0974460165277,37.17301126688535,36.97347429389631,55.71014088754277,44.375288076202565,47.022851605914845,37.10102571672781,44.22369656146561,34.813933050212306
282,43.96,55.6754364256204,41.47295851472439,41.26186040471742,56.89492587232662,48.48675005705114,50.299267732380045,41.55955757784233,48.64751975048406,35.03419881348095
283,47.42,58.31703413918032,44.14542522195345,44.48545148159632,58.478035392167484,50.98459559932908,53.12583942805316,43.79136224314898,50.7790086067134,35.35827693509616
284,47.56,60.77924477114515,45.86447283066359,46.45465919202951,60.029417042901606,53.15809777904785,55.33547752875697,45.73328802791713,52.655916678820255,35.78882403467131
285,49.41,62.35022057034303,45.551341160704105,46.967231000982615,61.06978043878299,53.1187410751718,56.54953164119873,44.784369605098206,51.81735953955962,36.30880995953431
286,46.1,62.36751596395907,43.03792639603275,45.407934223666665,61.48129123791146,50.39458185508543,55.9415993976294,40.85946042150549,47.939877962852194,36.9093743991046
287,39.16,60.76803728871918,39.30234451417326,42.471485414412335,61.015869164378536,46.09463039707266,53.56150820395108,35.470120199801684,42.97785984765881,37.50764008382719
288,32.12,58.82822501115532,37.10786303883892,40.06881084893351,60.4162099121567,43.94371158915441,51.11488363507451,33.632518309486315,41.29741953190368,38.093098420112575
289,32.89,57.34838263216509,36.26637982884723,39.12838434649519,60.169295854366936,43.41897237816859,49.77731986656644,34.18948850533768,41.29189999416496,38.62291510059717
290,34.72,56.15111027214628,35.99590563895537,38.71604835331883,59.76445818057474,42.55504473210895,48.95772534971249,33.86970265582363,40.74235022948407,38.98430799183726
291,33.32,55.43176841176393,36.51854818343174,38.491578731597016,59.31746403738687,42.61491761249206,48.48293563966649,34.433752258774646,41.07450767445595,39.18360077475091
292,34.76,55.068421999920666,37.6363914061671,38.74959080729621,58.97466327326666,42.78350559851139,48.363577214881936,34.859116634508176,41.383542845391965,39.26331620384688
293,35.13,54.57871143423317,37.68920803540598,38.71978698757663,58.60295124625418,41.93700807162664,47.989208568256096,33.820494145457424,40.566798616142215,39.24125910376058
294,32.74,54.73822649589939,38.75140539216682,39.19293472987427,58.72501260256296,43.43252913752684,48.18762984521099,36.07339388615677,42.24487702444394,39.19005918122778
295,37.8,56.67014048757627,43.05360929311644,42.36957394949752,59.33471311909207,48.55860930199727,50.56103107285818,42.46908982556921,48.44369682065443,39.11755577970345
296,49.11,59.29409757327561,46.645426373172825,46.80630974129601,60.50706546089923,52.08164056391856,53.802860622264994,45.911534152435785,52.06251795491075,39.15529156669971
297,50.3,61.36408000172091,45.076690386390666,47.60985928612689,61.83750561548365,52.90647253687241,55.8661951864163,46.08682473500739,52.098514940163234,39.32193445246329
298,47.15,62.66113347875537,43.65056140364034,46.49551471774765,62.970438100809055,52.91850521334628,56.6580151872807,45.809003791985056,51.4724452682351,39.56373314919086
299,45.93,62.9588685434437,42.6946246212406,45.8848206002221,61.52134262045028,51.56755309242851,56.44439518321919,41.67004937678575,49.41532071031156,39.54642933522739
300,42.43,62.66847602171213,42.21322493846404,45.24587621707735,62.33066852361641,50.42711807754522,55.71655719228252,40.72099201823426,47.99599957845636,40.11966132704807
301,41.46,62.15859872393582,42.792637465296494,45.294832117020725,62.71104929830548,49.653001857147096,55.02402992828298,40.168806684808565,47.20104720834893,40.63970619434306
302,41.14,61.49984968364163,43.48461319653953,45.8037494951903,63.21311251366909,48.719067442575366,54.344701558876025,39.75868524300564,46.24444521850243,41.15942266808839
303,39.89,60.34511691882647,42.70429118008735,45.39997699534769,63.63069438329277,46.57556696074072,53.12887496330077,38.17001829386263,43.91694751485616,41.60021522539593
304,35.79,59.67625504127187,42.73495808541824,44.880188948649234,63.89232720838577,46.962759796498624,52.40204320388168,39.90876951555308,44.76778994101349,41.873164997431466
305,39.91,60.22191881561498,44.69273096404492,45.92904847508495,63.9162367849061,49.7382747155452,53.349117570613984,43.7318345970104,48.36318987890027,41.9700579352795
306,46.46,61.13505497204083,45.63785602034777,47.0552236315998,63.85365676282506,50.9886457864417,54.75568187611656,44.76853514176082,49.64006820349849,42.02916877422042
307,45.62,62.371086191268326,45.87832851235551,47.42022043153886,63.89245351359718,52.7278096051561,56.07347045869119,46.28354931195565,51.52099699150196,42.12964035972514
308,48.22,63.23891245818689,45.23193633191115,47.21888992454777,63.614880970823954,52.80532732357349,56.88390784771775,45.26254429481005,51.181315966103625,42.2460895544735
309,45.87,62.97850479364458,43.17191938464627,45.967331584664,63.04173318247754,50.46431917247983,56.2547689591523,41.40361274348536,47.95441990285945,42.45366374908207
310,39.76,62.21347412812072,41.42436468972039,44.48729553768293,62.598086127392094,49.0662215263156,54.99530391303413,39.59191184185693,46.42054836460078,42.74665394799501
311,39.58,61.97718233861072,41.572575434965216,44.29094145602148,62.73642822545191,50.03730651373737,54.71965962982179,41.3282801052254,47.94883300234132,43.09320597689417
312,44.1,61.647028936326585,41.54123911201384,44.52592809168021,62.81609734263703,49.348867328413874,54.66022460750491,40.61185168505296,47.1027143910908,43.37674012564606
313,40.95,60.851078755049,40.57149295983304,43.89269691426501,62.63302214886872,47.61530304073876,53.79748423043255,38.59654678262801,45.09409945469699,43.57084597454437
314,37.53,60.49147939781096,41.08976534399454,43.74340415437575,62.724690261138,48.2351248148757,53.33718172813553,39.93256541738314,46.12964220167613,43.72109023369293
315,41.64,60.991782760562224,43.874264773746255,45.51317172581533,63.09886523977301,50.30548615895524,54.152881834304274,42.74965580185291,48.80680746276973,43.8209345033143
316,46.04,62.14133701170948,47.20793926271833,48.42391742454727,63.83990633547598,52.46427799171819,55.69809137037405,45.337775888900886,51.30483404251736,43.92733822358167
317,48.54,63.63035756939567,49.33207294546976,50.786321678454165,65.14925351975457,54.418867979017286,57.3749825096885,47.89126308697962,53.358038928713405,44.11236693795316
318,50.37,66.09277028969876,51.94094918892648,53.14744603955208,66.72303329464579,58.681736226959416,59.932978803814656,53.24473473372921,58.36476908874671,44.32138522214554
319,58.44,69.17213344566603,54.59808244349009,56.07775220535807,67.87469263264991,62.72457237627401,63.2631504282569,57.0562092069526,62.66504894030914,44.52565864056254
320,62.46,72.32207595377045,56.39053864107302,58.64956207943901,69.01962832323319,65.85564488579345,66.43359648234724,59.31366646069707,65.61249893347748,44.93528749204096
321,64.47,74.47715441331789,56.2091769880062,59.66594011567321,70.06394086205806,66.06963959531546,68.26227701456318,58.10472349914379,64.85917255087782,45.61491057360788
322,60.4,74.84951901725599,53.66851818923323,58.30597822300803,70.50046851339359,63.27405056800177,67.87210337581595,53.66421539169779,60.68884392116371,46.47023262459664
323,52.9,74.07808888768723,50.89589565952799,55.7706621346778,70.59105461101844,60.79974831713107,66.2648527199005,50.679875856449655,57.62188393695712,47.43785684922572
324,50.61,73.21161829670449,49.78310885542283,54.11581967510221,70.48278157362216,60.06198273657739,65.0697864909077,50.28126081940638,57.10378838009159,48.42021668185289
325,52.32,72.46901101638001,49.91748075967059,53.8338727618404,70.26137274819024,59.516335802929135,64.45497903366383,49.95879940449724,56.7331752084184,49.36529121607118
326,52.02,72.39001131681538,51.301293286424105,54.78613827276176,70.2633852112254,60.59671689995963,64.59556094413935,51.63485271924266,58.37894474364088,50.27095010398142
327,55.58,72.93226485045035,52.94668811618606,56.23303183226826,70.86016049445332,62.08648686856687,65.46600593910786,53.91821517184778,60.26911907311973,51.1726345879059
328,57.82,72.80865415021492,52.43832648094669,56.25772029092563,71.1148254820501,60.43477677823429,65.43152461639232,51.913932504205405,57.89845024821277,51.93285723504867
329,51.45,72.41219893228678,51.24922606810627,55.053846378523694,70.83653720974553,59.68341233658524,64.69870598995229,51.06800756094572,57.050176028020815,52.50222428740014
330,51.92,71.81714139993407,49.927694641100125,53.73658406766328,70.50776895461321,58.80821826566762,63.98018511344412,50.168773398122646,56.09659694290077,52.9793632743784
331,50.789997,70.27727036413332,47.42479268019199,51.74791693432517,69.58056239763604,55.48333461940984,62.312931061760416,45.93571739024751,52.0373158550603,53.28761535300366
332,43.6,68.37369926189734,45.15512592267766,49.6251810292467,68.52372459201278,53.12774242657177,60.109258777208986,43.42454243799187,49.6235895835829,53.48018027832274
333,42.44,66.16215395250121,42.6161554035639,47.53964621910284,67.70778871611608,50.41657580256601,57.859880846821184,40.954164069022376,46.84644953748281,53.565512079152846
334,38.99,63.58658860346762,39.973366210843,45.11137800761818,66.77395955588719,47.19170904305186,55.2953798343073,38.0290069456683,43.67815067198649,53.42373447934262
335,34.75,60.85936437691765,38.4401304088151,43.10569756230284,65.42375263571675,44.2518205218734,52.584352146034085,35.2591694458747,41.2304188274232,52.97524993466008
336,31.989998,58.24941032899021,37.86780781451659,41.88064226594707,64.32820228279566,41.90596225066151,50.11344329517666,33.48958291190481,39.50284140676902,52.34620366991633
337,30.34,55.99162889186978,37.88077514955491,41.20980160674701,63.73655499115107,40.303923789803655,48.12340364520787,32.99696311618113,38.49728772715285,51.53912599951333
338,29.729998,54.3293428451683,38.60099693624343,41.20366317347238,63.273141170479605,39.722557742368025,46.82399668106744,33.55561106625741,38.40702160273025,50.47046181592818
339,30.64,53.618972864969926,40.57284442559514,42.38006991256587,63.05616565796825,40.74056090565573,46.574244966194605,35.73068574585826,39.7526689047687,49.208234895853785
340,34.14,52.99077705531636,41.23318070137942,43.33216701653868,62.96180724469589,40.036847210098784,46.35867144152993,35.357782239684795,39.09646701957132,47.84109044683297
341,30.89,52.03847365283158,40.08239707950775,42.70660677562991,62.87461875725803,38.46642294365741,45.39599417101449,34.15008759463763,37.65920212734815,46.41135755538368
342,27.92,51.90460275925575,40.11756887071234,42.19501593715211,62.59648205120716,40.12286105907052,45.27500219882901,36.73539318055797,39.52193454456084,44.86683006745554
343,34.46,53.10146252225061,42.07687425257082,43.37442874027721,62.50858204441168,43.72814227466345,46.97674178340196,40.994585946848005,43.32128371748866,43.33708870961004
344,41.42,55.65757686872672,45.65261688938814,46.32032938951889,62.74734941606536,48.48066214586108,50.112348650011086,45.79288724700885,48.74710719950888,41.9434327967138
345,48.53,58.74265744059724,49.09030793013191,49.90242096829654,63.50519331505986,52.25509130057726,53.54832615005336,48.69121714345897,52.53499206941419,40.891992433791565
346,50.95,61.06790270130666,50.26915235980566,51.97861761314332,64.65521489548935,53.02955275521991,55.74895868918347,48.184232235024,52.3554492113917,40.264676550444165
347,47.23,62.49608624882929,50.33030934317146,52.4110571858028,65.7362906711826,53.00792930302614,56.59430262847066,47.47137404216081,51.61868144200818,39.93795864991044
348,45.99,63.90792590199519,51.125068045288046,52.93769518513351,66.6438062457006,54.730707125646646,57.58235882613252,49.28717986316015,53.47804151007616,39.8258964561718
349,50.37,65.20596455967865,51.43152658991125,53.42995711609153,67.45758230248217,55.833536868918806,58.836927440221615,50.29545752516911,54.46229171070081,39.94056895761296
350,50.65,66.32029649753676,51.38851124507797,53.55254053394081,67.82231807165097,56.58173525993514,59.84685549032637,50.621396543565794,55.037485643472095,40.2025806983402
351,50.92,67.09728405640764,50.70858924117736,53.29411165104396,67.67762703163083,56.70662585297955,60.43959742713653,49.89789082138055,54.88481632426442,40.61012551383032
352,50.12,67.3706674763357,49.16698361380656,52.16374737168394,67.5818076880798,56.04662218091866,60.46409221780308,48.6574599706222,53.8528690656368,41.230877736358
353,48.23,67.54117109139477,48.27913797087915,51.03883105710949,67.16319432589626,56.12473774400341,60.41058512007514,48.3481553485685,53.956767732544506,41.917708635322846
354,49.37,68.40204215133825,49.075698627345226,51.21165868805856,66.7806368913972,58.33395061716213,61.3248285521877,50.47597714349318,56.79662252628447,42.6991884495463
355,54.88,70.22170449145936,51.13105070213528,52.821309142990856,67.069143255305,61.78653725250511,63.49376690360077,54.0486253026309,60.91638696969655,43.66000903345397
356,60.46,72.07799534289003,52.230289167229614,54.43122904904083,67.40542246034263,63.38750632923966,65.5986558823067,54.76744089129904,62.292936946793866,44.71027475791008
357,59.499996,73.70801461824941,52.52479502867951,55.35223823031137,67.86870576562897,64.53466078137009,67.04065300978411,55.09715222534323,63.17646716166468,45.85839333982095
358,60.05,74.97350021277823,52.5333122101024,55.95564032696472,68.48098290847089,65.16585844488155,68.02103827093954,55.10180446729692,63.511201232949375,47.10679404941941
359,59.95,75.11291590513505,51.12553537457028,55.45473069919868,68.8933020609524,63.2224001568816,67.79661496112858,52.18468456556237,60.66154515480381,48.38981922763968
360,54.05,75.26554312260559,50.88982879920649,55.03691305984703,69.37167041865507,63.71675875434906,67.52102962034824,53.03035268822552,61.41091397411256,49.66648704355221
361,58.1,76.30026909588427,52.57465611597134,56.35383013646291,70.19530670227421,66.46164044945446,68.6991709510118,56.61062126178511,64.93599138045873,50.924891125894526
362,64.37,77.19168917629464,53.47026110905317,57.80570854164648,71.02506457847313,66.7674927290629,69.89312990431789,56.65713526097453,64.91268385877946,52.14736558576377
363,61.159996,77.19354165272868,53.22466904580952,58.08909533431838,71.3944483794219,65.01686039715227,69.65050601354241,54.08880299038113,62.3905035124361,53.277637241302095
364,56.23,76.63171081132481,53.12815923376944,57.92653210688341,71.86965068649185,63.59879810723746,68.6313029507463,52.75581147052618,60.684970561347065,54.37719988977239
365,55.14,75.15433559413083,52.00387444525205,57.00575027499342,72.40312179775997,60.499411365087646,66.8705662019227,50.02997660130175,56.96178764107454,55.374640564642185
366,49.31,74.84679082468948,53.29590939521973,57.174889793769246,72.99363234250184,62.71168082436254,66.48969704708283,54.26627865311017,60.42119475783377,56.13951124356493
367,59.459995,76.64412240343292,57.36265933122838,60.27891614735161,73.97417338008468,68.24346174823648,69.06399092365488,61.630769245444114,67.56386392771185,56.73686753076535
368,70.42,78.49692723102861,59.31394854233589,63.221608644223416,74.71075169165108,69.55151219901123,71.64001939179698,62.24502938010521,68.39896872452722,57.23252286173665
369,65.66,78.79420759695586,57.67934859797597,63.097416940015485,74.89096396729406,66.7711724208887,71.55495704208457,57.7800391125138,64.17828641719677,57.7066557846833
370,56.639996,77.61690830103505,54.6178155276864,60.63538313534662,74.8447109988749,63.2221559668062,69.47872250567436,53.55693174512424,59.68801826662806,58.20314473004992
371,51.6,76.05232354553463,52.67736751389177,58.24440864261829,74.69722861368255,61.39066303854947,67.39433286278064,52.31333063355944,57.90191101100546,58.617484765914014
372,52.09,75.62190064608404,53.62840786426242,58.15942207603271,74.5309014909475,63.29005764846141,67.15356986878665,55.440028772590296,60.92574197568848,58.86787221701761
373,59.62,76.2141205213537,55.63376833637551,59.94771862198646,74.69946842609826,65.5032449256059,68.41679038985748,58.22388825593751,63.79308078343176,59.07117308530674
374,62.529995,76.18819427162448,55.47395435237562,60.7347684960332,74.75444487445229,63.90772381365692,68.6652201101842,55.79970391295519,61.41012667162809,59.23617821349567
375,55.26,75.11816178158237,53.92294319692831,59.67486568394634,74.59659704157671,60.95559210731891,67.150799574483,52.27562852795289,57.669989381810325,59.35294738144628
376,50.040005,72.63102692123219,50.947567121516734,57.07524340231242,74.14199932466182,56.040601632508015,64.10738709185738,47.08226978753687,51.81630278595747,59.36993964255494
377,41.81,69.51325014030076,47.98520890322804,53.668556080796655,73.3817935182139,52.11775543403503,60.55331842931839,43.93243674394901,47.78174383816408,59.176431638323976
378,38.98,67.15936727799047,47.2471191392984,51.6712328303031,72.42789445989162,51.43595990283182,58.31764461436881,44.7511218632808,47.98323012158258,58.6855927460812
379,43.01,65.63534333604824,47.31859946861029,51.260799835645344,71.30760091605485,51.28199385012032,57.41730738603273,45.28499294105171,48.43833305934312,57.91906746888896
380,43.68,64.91004829003465,47.5810616979249,51.38441474605449,70.54263761331042,51.830175308344245,57.22461615550224,46.36470041028801,49.50018097168573,57.05131277492352
381,45.35,64.0338606181206,47.18668630581136,51.29134043576482,69.76868558968712,50.42081123732204,56.63553285964933,44.60393419024841,47.81178342761162,56.08322122101222
382,40.99,62.55448977858631,45.74630167486631,50.214756915424125,68.83302500389277,47.83098181974628,55.01791254587692,41.50464849226772,44.88891663875782,55.04247048914917
383,36.45,61.26215169611124,44.82721233280923,48.795524197216906,68.42588857525287,47.1447824468385,53.57650063254571,41.64259483399845,44.54854093469672,54.01024114888273
384,38.49,62.02498465095653,47.698870778782805,49.87833456448023,68.49555852986786,51.90562162129448,54.78826862066092,48.26000694152391,50.9170391519184,52.88749307377086
385,51.81,65.21747517461202,53.464880507047006,54.51323481263707,69.04826171466034,59.01887009726094,58.992287060432375,56.40415855303697,59.9211355851579,51.77570829100957
386,63.7,69.73984168957429,58.99469106962292,60.4031246922544,70.4985149927904,65.40477738278892,64.24993936363093,62.38205369379262,66.81935364886876,50.98037700526791
387,69.24,73.81498671196813,62.50753371115695,65.1634502255173,72.45958864760865,68.40979729131895,68.43073027502368,63.86326858941353,68.80967959065008,50.60685039338482
388,67.05,76.10327506781833,62.639076378669074,66.9341735063899,74.12230413202894,67.50728761334659,70.02358634701186,61.160703350304935,66.25125806897883,50.5854290295293
389,60.31,76.57852789697284,59.85537267174927,65.16672574066659,75.70294649007356,65.11025047047046,69.43625027325014,58.34107844125949,62.58836483628706,50.89388319649282
390,55.44,76.83139093022012,58.19763782283234,62.95250276078852,76.39231191361408,65.54287108059962,69.01631070634676,59.34856038043656,63.217356368772535,51.20418141954296
391,59.98,77.85886698436374,59.183862594928726,63.11735632272376,76.23843848472427,68.14464897117497,70.17256334387258,61.92391522078447,66.54956571729223,51.49585804425721
392,65.97,79.02137172985447,60.37674374376409,64.54064764839103,76.16041554546122,69.25434129760053,71.67481226736734,62.160080705083054,67.58103301611648,52.06924581250531
393,65.01,79.61712815104367,60.43963110852624,65.23521684664172,76.36928226339991,68.60232853524833,72.16388288665034,60.694877100095496,66.36597688233084,52.9303400116556
394,61.71,79.21050115342314,58.687411541125535,64.1061998228701,76.52814053796679,66.35577984159616,71.32300173149973,57.99089303244538,63.37095613637095,53.91701948251308
395,56.91,77.46698401508874,54.83657194367866,60.5743103554551,76.112486927904,62.27530473928071,69.03994662157571,53.56299439527203,58.39109951515245,54.82495186422874
396,49.77,74.52047710083228,50.027972558614,55.53413457543984,74.48794929871991,57.34209263263676,65.56779109881127,48.05258431316904,52.7899180877812,55.4534802776057
397,43.14,70.94461657915097,45.42181937657458,50.48510058993086,71.98395690281991,52.83803195298183,61.68873070696119,43.01827751531072,48.14922043042053,55.77535226819491
398,38.87,67.55496362048099,42.33749663597253,46.83723767739715,69.62259677199403,49.9256021847644,58.36705521307327,40.304319546132746,45.737376106593175,55.90649496920423
399,38.06,64.4105111788993,40.22907953169448,44.67883318061586,67.43302856938362,47.13516641007632,55.58547343370519,37.605985531606464,43.42546446603518,55.82331456714184
400,35.26,61.20173570331906,37.80362792642432,42.577013418547246,65.71867951453802,43.66533490320186,52.665600078361855,34.413913920235494,40.54480887883535,55.53222736674751
401,30.54,57.63980243628281,34.87576366137231,39.77526069691663,64.14526181458619,39.40723257190368,49.201477567043234,30.584354645824728,37.07562994888652,54.914561201552
402,24.79,53.56306596822516,31.42134981063757,36.30760163967847,62.15418646188382,34.44149897840793,45.13579280498416,25.81662131191249,34.011863381441806,53.84951355718695
403,18.38,49.42600192102333,28.783812809624564,33.31582693765186,60.10072054491752,30.375639494139733,41.102888455460274,22.36395468326896,32.35704407782164,52.4112424334462
404,15.310001,45.498065622530426,27.60486733578168,31.904606180021897,58.004917121085846,26.93014700150441,37.55265526117451,19.45344264917813,31.310969581297567,50.644333569958256
405,12.52,41.81789383691748,27.378989410952624,32.02776218149625,56.40478165874661,23.7290235166489,34.39879939660317,17.065535268000254,30.62317244746541,48.69783132636326
406,9.43,38.49988961450794,27.242937647393084,32.798489212054804,55.54570413280519,21.11774326400164,31.63006075214885,15.966458894593892,30.120258777011635,46.63198749867856
407,7.49,35.52375570782789,26.615377573970285,33.1268680261186,55.08354915407413,18.79892272837939,29.25444286804138,15.532764690167724,29.71934077494694,44.4427350590967
408,5.43,32.92424920597111,25.47976741816294,32.62970755804464,54.14680234346163,16.953843569548418,27.29903189686811,15.06507122791624,29.43813485225876,42.06850442722791
409,4.14,30.68793544461704,24.29068384601737,31.66812914286849,52.63680249015987,15.449461140524216,25.735413376235005,14.190422374494558,29.226375744978725,39.62799303058369
410,3.02,28.803950070497383,23.699689131298413,30.93456952585484,50.83084847565069,14.27359435620951,24.50725097167849,13.087028467944757,29.081878372949426,37.32627001041294
411,2.26,27.25073488911093,23.97422824391089,30.95046293162421,49.20821384498522,13.387472779417882,23.56688972693274,12.163739477608225,28.98534751004077,35.34975343841269
412,1.74,25.994330639282644,24.29601603102582,31.313217814060703,48.13647623458904,12.735883139523906,22.859944723050496,11.791210676895284,28.9232811291528,33.758566700302005
413,1.38,24.99055996823424,23.905941331360868,31.14672859963768,47.56094548792065,12.260244026931163,22.33784950115691,11.986339598006037,28.883499197731663,32.49073603901463
414,1.11,24.30192711491992,23.07124913156944,30.3289949795652,46.80668865693025,12.16196699447474,21.98922185661688,12.185162946550594,28.894188828790853,31.399692677054087
415,1.74,23.890134234152622,22.11346408290937,29.16296842376293,45.60721858623288,12.223141871078823,21.79410346094041,11.915547632096338,28.921007635347383,30.46828857688432
416,2.15,23.608439931313647,21.024321614380582,27.80734301002291,44.28887005055432,12.167304442200336,21.666053132523835,11.249287641896832,28.9187615076711,29.75170859045818
417,1.87,23.38090109295452,19.99298693602832,26.482635006949742,42.93199421522132,12.068226424194869,21.549214496706952,10.413279762819863,28.90767822536968,29.22031941009151
418,1.67,23.178656978267544,19.236555550314765,25.445182946191416,41.60935551252846,11.960205997221417,21.444004360687423,9.51992510758803,28.894931924451328,28.83637893352748
419,1.52,22.99614594777688,18.700714111245816,24.716726059718816,40.50018945781712,11.860169112152647,21.35947249286293,8.788132710990718,28.88345709599453,28.57903206527505
420,1.41,22.86210454216565,18.007117463122988,24.006347659173016,39.62130727472627,11.837311026517318,21.303889779494124,8.320666598119775,28.884585422549808,28.407555900088106
421,1.54,22.797463640051724,17.054083595498877,23.115346491047163,38.84911510371533,11.891105468601214,21.282550514026028,8.011339872654085,28.89670651267167,28.28457462082288
422,1.7699999,22.776604334386995,15.969000786973565,22.169560437471254,37.90886542857299,11.935538589432609,21.28265787345573,7.488705222253426,28.90444902213124,28.187677472801127
423,1.81,22.775454956963145,14.946780082168118,21.366162458894067,36.891822184892014,11.962605796238249,21.286905938732893,6.824956074402453,28.9080824020462,28.11499092872025
424,1.81,29.58185123706416,26.40607720813908,25.343841959814814,38.27866182654571,29.216448155361725,27.510325779952773,30.45993769732312,38.09765382807085,28.078158223985582
425,54.18,38.52620741039254,37.20582115063653,34.71453716409145,41.07325304268925,40.20676982118537,37.650844932526375,40.180708845897314,48.10036978482,28.099343818113127
426,52.66,47.23165517124783,42.61926251176464,41.381298822802535,44.62829425535612,48.234206997006105,45.985540585975926,45.28714854999315,54.37408436122422,28.219009585578785
427,55.019997,54.46384947497489,45.119992023036495,45.28870210409352,48.13788243260943,53.56492686500663,52.0874421832961,47.25919391750941,57.33240923309515,28.492458263199403
428,55.33,59.75960806045652,45.65222113305905,47.2072572145767,51.179716100092406,56.355707873939245,56.26355980186659,47.06949612048938,57.86550142872903,28.95585734826287
429,53.84,63.05175339591625,44.52197473856302,47.42081827620621,53.54081520014804,56.74251337371548,58.498799968923656,45.248979115104376,56.46117272546845,29.6489950874509
430,50.67,63.9503981344194,40.98939901283268,45.58330479953883,54.86952918350983,53.70123544916271,58.31368284090418,40.20648773954655,51.56661001351663,30.55747479174935
431,42.29,64.01703676396049,38.401910451841765,43.47138062055724,55.59567047443987,52.82174700105708,57.41814100042806,39.09119588208172,50.4142433663286,31.64734983050433
432,44.42,64.49957319363978,38.50921093911017,43.284987809902496,56.14498025921908,54.2634704672431,57.72563945795855,41.03756761029159,52.39872558699525,32.88074548098702
433,49.37,65.68159630446739,40.31295461241963,44.66734782672477,56.7677070532185,56.52078878525502,59.19201349123853,43.6602616438768,55.16570227375036,34.2368319087487
434,53.030003,66.80111517634083,41.495920802159134,45.87131436294842,57.34352409169943,57.13410163083052,60.47009592551887,43.91051857959528,55.54899648864934,35.68720307174274
435,51.3,66.89740184917407,40.81064766746837,45.35490287556839,57.59401258697216,55.11713370978865,60.248080835072166,41.0126012801691,52.64900357358229,37.17425747830461
436,45.24,66.68685948209732,40.141785789913776,44.260653466324825,57.71697492045568,54.54523213286151,59.51385601061174,40.515855514205946,52.05657318962695,38.64815088183733
437,46.69,67.01828435684301,40.98215330387133,44.50034286602181,58.01647825810378,56.01038100559078,59.79845954348692,42.59802218537882,54.09966102838887,40.09045956216956
438,51.26,67.12819515181393,40.17980365854886,44.90182924153786,58.2503870892918,55.48524603827588,60.100362680151854,41.80052266017458,53.28961518551769,41.4745836417779
439,47.8,66.60464320981539,37.79119528344764,44.12364599333227,58.29948613514144,53.72656385422458,59.39038845628257,39.61807807148783,51.03518504667339,42.76600390638337
440,44.070004,65.7693194839669,35.80338702554714,42.9703194265375,58.31045363766574,52.44576164772516,58.26859609060373,38.393885860743374,49.658727693397786,43.93577541170401
441,43.36,64.60479385509359,34.591513783089084,41.913026922153165,58.30013450189336,50.72119871145002,57.001577992843096,36.732260811314944,47.78754966771533,44.95532370874466
442,40.84,63.98045877473551,35.41559002986131,41.862698505579104,58.60828553634949,51.23203592883306,56.41802686525004,38.06013275993399,48.85269835624951,45.824888777407
443,44.67,63.76875439971376,37.40875994398627,43.0336530697133,59.32245730341137,51.65732241635289,56.52841762002432,39.06798519439786,49.538725112035024,46.563807945558246
444,45.04,62.496507266200666,38.46986265558154,43.33752235750256,60.04951220203729,48.15446630686785,55.29133385736839,35.227308956295964,45.18367511063054,47.14780114139125
445,35.5,61.19370269187324,41.92644895595257,44.20055323656118,61.17666832902744,47.09311519502347,53.61251024831933,35.53390012139115,44.40182480112028,47.5719003599238
446,37.890003,60.05462335292577,43.481800800498746,45.98756567953223,62.956342439215454,46.32518792998455,52.56290552113629,36.87200910739515,43.88362820008561,47.83972635054972
447,37.51,58.79647188100628,42.67489574721801,45.646491086634654,65.53477070637439,44.78238661327903,51.463839673164216,38.607547966542015,42.44071746491231,47.96025941380041
448,34.72,58.28656932218769,42.95139048552052,45.42701052076362,64.96180816567139,45.79582594826104,51.09288968759392,40.29712435925597,43.92482896004828,47.19666441751293
449,39.58,58.48685570609777,43.82386057404535,46.05077722767034,64.76153020210873,47.19007549565092,51.716433255293815,42.14743676401312,45.6344331491185,46.4539518828456
450,41.69,58.29495598822546,42.85240509133676,45.67272888921869,64.30248654175213,46.02168071713468,51.73134569058789,40.29351203020958,44.09048245498913,45.67168055596397
451,36.689995,57.71547609861359,41.20036660745452,44.1458083477614,63.63510664534477,44.81326402729561,50.91551506903402,38.56430106215446,42.7832950898257,44.87268220891764
452,35.3,57.278156934619886,41.1500213501856,43.48798554568423,63.00472575553376,44.822568511202974,50.3627992537204,38.45535018679028,42.97961970027116,44.12432383130018
453,37.09,56.78063228651969,41.55538529569201,43.70304542915584,62.48048755521988,44.1988144348174,49.97083208097112,37.47464916260632,42.39065849945593,43.46746936917717
454,35.5,56.12813956436412,41.29787002049105,43.53554787812836,62.51769286032821,43.2599541170006,49.324835656855846,36.82125125310229,41.52529939433362,42.944431068371706
455,34.02,55.67557957152668,40.857679518024575,43.06700185569985,62.542814966878105,43.25693121227413,48.87786677471025,37.43606292051988,41.69017400713743,42.36423123905478
456,35.39,54.63009239423567,39.01053737407387,41.703882332749366,62.040048652504304,40.99680049822143,47.866515685890256,34.81501295976988,39.45973764828774,41.68669640364988
457,29.64,53.511503970752976,37.91264616456793,40.23917131808632,61.14075554724924,39.90835270835541,46.57277561556851,33.65508273550511,38.65775428807837,40.93715075704515
458,30.16,52.17892083774826,37.05416648329387,39.23053158113797,60.14210234234988,38.19682446989801,45.25761418139125,31.654896566886208,37.26511302704714,40.20168814151288
459,27.4,50.241137863914425,34.721860761266505,37.2969335199756,59.28411525140033,35.12507541309205,43.258278467862525,28.48658086069502,35.007634722434105,39.49120869679796
460,22.07,47.99945613107534,32.15851544143704,34.730289529041414,58.13301586650013,32.46599916335954,40.87138784363652,26.07253040584167,33.65853507795038,38.659985680146654
461,19.78,46.293805295122326,31.24368890026513,33.18330750983816,56.66747965778919,31.927360063857808,39.28089788927546,25.924475437024256,33.66965204164151,37.67637121575279
462,22.33,45.81660736571207,32.426082506379565,33.387197802447204,55.73487986828472,33.730409058504506,39.31708012217135,28.430802374248525,35.02209245896709,36.73936337437003
463,27.78,46.36777383709904,34.57542670932888,34.89421895784649,55.44039505770339,35.93468129281015,40.513952515687336,31.03203083715423,36.78972968250751,35.89754756065496
464,30.86,47.61913429881827,36.35939940687862,36.59759419490723,55.541237138494914,38.25571216963211,42.17297146758696,33.3940751212086,38.78315010196843,35.13432726982799
465,33.6,49.74713713121263,38.51651980067722,38.3847329430897,56.27404313441381,41.86439099541203,44.51545317948043,37.42866985547855,42.19704945105584,34.499489911141
466,39.61,52.92772549377937,42.32340518455264,41.48694050162773,57.21998917459084,46.74192776486548,47.91237289798032,42.45493943171733,47.47560105656941,33.973218196923376
467,47.12,56.92952086973242,46.520190545883885,45.70372418809925,58.497974774875765,51.99100394420915,52.085766534158026,47.1802952621139,53.17876973198232,33.70227667774929
468,53.360004,60.525539703155125,48.74922912706061,48.9351167168697,60.47973301314962,54.751960082553616,55.69014256240251,48.82388813752637,55.10158974843752,33.83592022194457
469,52.06,68.41282861639286,59.38710031061214,56.900521193192176,63.864089573287714,69.64362237952045,63.223002211722665,67.64628649850575,75.11692399051053,34.362916086040954
470,90.19,74.62678398710423,63.50211146790141,64.34657548088242,67.05606645575013,72.19060906938518,70.30057788581259,66.185895122073,74.3174962057454,35.36834135535886
471,70.49,78.88247809903815,62.56614353942594,65.62775660301608,69.96743526019169,73.44881948373666,73.55706304991693,65.37418626058489,73.57247228570922,36.854953693680784
472,69.88,78.56280802930122,55.92837945216825,61.45776478719908,70.90060342314752,65.10801065805475,71.69844818259628,53.31805069878029,61.4656462323912,38.58988207763915
473,46.75,78.01319511201463,53.551298532695256,57.56158582902892,71.07649606056019,65.55149351636537,69.55810112087323,54.458359408452175,62.62231567711467,40.49304900319861
474,59.91,77.88439747776387,53.93015101432624,57.239810672435134,71.28370397005567,66.33956225245083,69.65118806168404,55.77864041386534,63.89544694710765,42.53406543649338
475,61.31,79.17101814433568,56.18018152163967,58.92192663732833,71.79262976857267,70.0829203251596,71.48183474502432,60.512126089703145,68.74270414721188,44.64192258766749
476,69.7,80.09084847696637,56.20549308600668,60.09979009652678,71.95237217961943,69.71329233413543,72.81556725545288,59.17657478423024,67.72033082360932,46.74134255071928
477,63.33,81.41805521813863,56.63330988792846,60.53300013097587,72.27074551585252,71.81356275227739,73.90918513863937,61.3566616756373,70.19969370328393,48.84001310285
478,69.17,82.70619996759481,57.42689816175264,61.28351411753477,72.64739607663121,72.89127459917337,75.18750334264769,62.01504443081839,71.15951226584774,50.918399038027935
479,68.85,80.9711621191199,52.29322284390261,58.19928400075441,71.84295818514673,65.26787937431293,72.97425712307121,51.5121850979191,60.94126067599733,52.84825004458508
480,47.86,78.08134940409268,47.05668877205218,52.8271444437581,70.7969405259678,60.96791107560532,68.85922070473966,47.20643202052881,56.331541476822366,54.57863144093261
481,47.94,74.57453573131671,42.91875742906532,48.76104287450136,69.2234133614994,56.61134962183759,65.06303337227087,42.87523265321266,51.85161351289461,55.96297023940034
482,43.14,74.03866482103176,45.85699556214799,49.59452675443695,68.62238580282059,61.954085325617136,65.01547946017416,50.83496181536901,59.974848981397805,57.08701504801604
483,63.19,75.41652837232776,50.382199734193314,54.31539874982838,69.21783488132868,66.14491750131715,67.87843547708142,55.98497681740207,65.21390494730277,58.0681749811348
484,66.14,76.27852775882651,51.52756907266911,57.133133290876366,70.27779663584754,65.33941022570939,69.28735326968997,54.58846640672791,63.46054442282564,58.91777119587288
485,58.0,75.9951072847649,50.83205258533282,57.02577386117597,71.24273897982097,62.98107299960997,68.43500360134313,51.98019642828597,60.170419970748505,59.58496584463683
486,53.13,76.6348937026524,54.233826634124654,58.42403991428876,72.4655165721976,65.85977085603291,68.6837911864355,56.44588137454014,64.11041841693127,60.08117691853833
487,63.87,76.59504019827813,56.027747972159965,60.39030050312234,73.62109979210294,64.31604330111037,68.92954323628028,54.80253268920307,61.8112004501202,60.45552451429561
488,55.78,75.50386421584561,55.14496716821019,60.24556315119135,74.57855223703962,61.359069895001554,67.48799238721652,52.09966010741337,58.065716239685976,60.6970537599055
489,50.47,75.47970623907617,57.105678748089055,61.365334633487606,75.73774778599135,63.743964896887256,67.24248873762086,56.64095977356633,61.6202859128969,60.77858377387209
490,60.84,76.09744818739851,60.5621766348121,64.93139387076333,76.88717573192719,65.32811853980914,68.40502295432758,59.32372877587292,63.55683109565889,60.73790086527622
491,61.44,75.84034129904778,58.6922406103752,65.11078937270582,77.60208006921526,63.13428964140043,68.27099628432434,56.9792724925077,60.4338589603647,60.599373519573
492,53.55,76.50419306988303,58.2535741907931,63.88376792522573,79.00728448860829,65.83482978695271,68.66658841664116,62.09243584402438,64.09171682529482,60.4865577047396
493,63.59,76.81298405074365,57.580636865083605,63.1526038970552,77.46552729498379,65.24354457024751,69.23871734294885,59.43365220136498,63.01965503152269,59.774575228008864
494,58.18,76.6846832169911,57.79523362944669,62.53524086436708,76.89867792651313,64.33747308531332,68.91709796278246,57.65109412218305,61.77723276859773,59.46256767443095
495,56.71,75.82887278585156,57.41695373144079,62.07231542384641,75.89182330321941,62.20871663182419,67.78422863006276,54.225225249227485,59.1283346138182,59.2098983091745
496,52.6,74.76938257078865,56.47024143964785,61.24399742705759,76.46411221612821,60.958379242317406,66.48742776345112,54.11736059868144,57.88247263896912,59.32261307983877
497,52.51,73.38325023831885,54.52153727520057,59.83642689003743,76.04660612963139,58.9961267388593,65.08023193189149,52.3879264914195,55.7273983895954,59.136514981344
498,49.35,72.34150169528566,53.63698398811731,58.627702857517264,75.60597776909869,58.692522692014016,64.07466983192789,52.90607678054332,55.82259041726308,58.86347679566047
499,51.45,70.75289368857463,51.16309433427056,56.75164945067429,74.26051571470363,55.91999699630419,62.6302602749125,49.367240526500645,52.550013969224814,58.38664515136331
500,44.86,68.40642915234797,46.68199173187666,52.661802501672064,72.95247368427631,52.21687976395135,60.07277762197942,45.37590322205252,48.37385845909089,57.87644367021104
501,39.47,66.61713900539777,45.29231864331362,49.9244401768194,71.16618960135773,51.744952972030696,58.19845880670652,45.11246844261004,48.60049211010157,57.10047497337887
502,43.69,64.22133965359349,43.93800680377229,48.42876333449179,68.8892897654032,48.01116883434697,56.08982277339536,39.86215026202082,44.50188799977476,56.19621807331531
503,34.91,61.71109093955487,43.504977806792894,47.302259784427264,67.9541975530602,45.417491317996856,53.49318550492449,37.83191608360695,42.28312224245956,55.483330409236125
504,33.76,58.97621261719331,41.79233387230136,45.98496379217714,67.01997263650222,42.29799678619021,50.82578784684677,35.28308954782932,39.69260656656847,54.56556306172516
505,29.63,56.62834188294625,39.81138819755424,43.87047140723017,66.76037332531295,40.785348733622506,48.63113796456389,35.654885778316064,38.82806423514662,53.502039500244486
506,30.37,53.78875654032396,37.13921620248514,41.2788905573895,64.99344341095643,36.896234446944014,46.0359953077614,31.45773202678486,35.702894389173856,51.90387860937699
507,22.7,50.87716038650184,35.255035055287806,39.066419009776354,62.83224756900294,34.00092113995979,43.09991699379388,28.404059350818844,34.2077564490816,50.093419708994105
508,21.02,51.13043601677307,38.76468428005997,40.28680522348358,62.22429006439132,40.27270956188998,43.927131925069695,37.50515608133608,40.49722970569636,48.35483689425221
509,42.120003,53.86960871632264,44.952742872258135,45.11816480764473,63.08601157942496,46.78729659680475,48.10792704663616,45.67467398947444,47.89994025500364,46.75087438400718
510,49.88,57.67901599425259,50.54905312864258,50.67503836685257,63.87565071030564,52.02528317858643,52.69095795463972,50.06767449673458,53.29332434855949,45.17096880636247
511,53.19,61.14727289615811,53.15356763213186,54.41720075022664,65.42880063399953,54.7841258097266,56.19741797282372,51.4965906144834,55.14921944366107,44.02855922000743
512,52.05,65.21834247039705,56.39654234878881,57.44435775214352,67.87623776640285,60.23483562856874,59.89866588804767,57.57249017894751,61.10766358185923,43.31967964130372
513,62.23,67.15796107997008,55.86562260279123,58.57751758684947,69.0441694258106,58.076641640473134,61.61209712502367,52.88410809410502,56.76551776288736,42.78144682356537
514,48.36,68.47232679131544,54.81269604854804,57.81132491338061,69.78860813170054,58.89125973199744,61.95859442166456,53.132651489122,57.35450422474487,42.57393157138879
515,53.49,70.0866252780277,55.34259272233319,58.13677134145279,71.03931180632043,61.36448417839743,63.341131265782806,56.197119050490045,60.198649185499136,42.77994379154956
516,58.58,72.13377172424967,56.68066171168691,59.59018224986815,71.52058518388559,64.14628067662491,65.56800581767067,58.52996788492648,63.24448672818388,43.10197155856618
517,62.045,73.27744015254513,56.04581803773934,59.90158353843129,71.8774816095994,63.31498187684676,66.66242784403649,56.35236920618424,61.477249471146266,43.7390676754506
518,55.850002,74.38625676283822,56.13297284378749,59.61118259635229,72.0889249538509,64.5465839933274,67.30761591479872,57.27704123858575,62.82958252904214,44.60055763092999
519,60.14,74.24354029428983,54.49977067710053,58.38639254094048,71.96768879159002,61.94631334494157,66.90874826733261,53.46635827802053,59.16963641795,45.63300169005583
520,51.71,73.68014326826444,52.57823897380173,56.13271181301724,71.43136318254399,60.86399556800276,65.83682119911931,52.10444707492589,58.00101850022692,46.69207088774736
